User Id,Full Name,Gender,Age,Country,City
E00005,Riley Washington,Female,39,United States,Phoenix
E00013,Elena Vang,Female,52,China,Beijing
E00022,Elena Her,Female,62,China,Chongqing
E00023,Gabriel Joseph,Male,52,United States,Miami
E00034,Caroline Herrera,Female,45,Brazil,Rio de Janerio
E00035,Lillian Gonzales,Female,43,Brazil,Manaus
E00044,Scarlett Jenkins,Female,53,United States,Miami
E00078,Eva Garcia,Female,31,Brazil,Manaus
E00085,Isla Wong,Female,56,United States,Austin
E00089,Sofia Yoon,Female,37,China,Shanghai
E00091,Emilia Chu,Female,48,United States,Austin
E00096,Peyton Cruz,Female,30,Brazil,Sao Paulo
E00099,Brooklyn Salazar,Female,44,United States,Austin
E00102,Riley Rojas,Female,36,Brazil,Rio de Janerio
E00103,Nora Park,Female,29,United States,Columbus
E00105,Isla Espinoza,Female,38,Brazil,Manaus
E00116,Madelyn Mehta,Female,64,United States,Phoenix
E00119,Jack Maldonado,Male,31,Brazil,Sao Paulo
E00126,Isabella Scott,Female,58,United States,Phoenix
E00128,Everleigh Espinoza,Female,54,United States,Austin
E00130,Paisley Kang,Female,61,China,Beijing
E00144,Theodore Ngo,Male,55,China,Beijing
E00145,Alexander Rivera,Male,58,Brazil,Manaus
E00153,Claire Jones,Female,39,United States,Seattle
E00154,Wyatt Chin,Male,43,United States,Seattle
E00156,Madelyn Scott,Female,46,United States,Phoenix
E00161,Ryan Ha,Male,60,United States,Miami
E00163,Bella Powell,Female,65,United States,Phoenix
E00170,Hannah Nelson,Female,35,United States,Austin
E00178,Harper Alexander,Female,26,United States,Phoenix
E00181,Genesis Hu,Female,46,China,Beijing
E00184,Kayden Ortega,Male,58,Brazil,Rio de Janerio
E00187,Miles Mehta,Male,64,United States,Miami
E00203,Julia Doan,Female,53,United States,Columbus
E00206,Theodore Xi,Male,52,China,Shanghai
E00207,Hailey Lai,Female,52,China,Chengdu
E00218,David Desai,Male,47,United States,Austin
E00225,Angel Delgado,Male,31,United States,Seattle
E00233,Brooklyn Reyes,Female,36,United States,Columbus
E00245,Benjamin Delgado,Male,64,United States,Austin
E00254,Samuel Morales,Male,34,United States,Phoenix
E00265,Mila Vasquez,Female,60,United States,Columbus
E00268,Ian Flores,Male,48,Brazil,Rio de Janerio
E00273,David Owens,Male,43,United States,Austin
E00276,Ezekiel Jordan,Male,33,United States,Columbus
E00282,Jeremiah Castillo,Male,58,United States,Columbus
E00287,Luca Nelson,Male,60,United States,Miami
E00304,Dylan Choi,Male,63,China,Beijing
E00306,Mateo Williams,Male,40,United States,Austin
E00311,Scarlett Figueroa,Female,34,United States,Miami
E00319,Ezra Wilson,Male,55,United States,Miami
E00324,Hailey Song,Female,37,China,Chongqing
E00325,Jameson Chen,Male,39,China,Shanghai
E00340,Eliana Allen,Female,56,United States,Phoenix
E00342,Wesley Doan,Male,63,China,Shanghai
E00344,Savannah He,Female,52,China,Beijing
E00359,Logan Carrillo,Male,33,United States,Miami
E00360,Dylan Thao,Male,53,United States,Seattle
E00364,Matthew Howard,Male,50,United States,Columbus
E00365,Jonathan Patel,Male,28,China,Shanghai
E00369,Genesis Woods,Female,33,United States,Columbus
E00371,Melody Grant,Female,41,United States,Seattle
E00380,Alice Thompson,Female,48,United States,Seattle
E00386,Parker James,Male,45,United States,Austin
E00399,Connor Walker,Male,30,United States,Columbus
E00401,Wesley Adams,Male,48,United States,Seattle
E00402,Dominic Guzman,Male,65,Brazil,Manaus
E00403,Liliana Soto,Female,58,United States,Austin
E00412,Ezra Banks,Male,37,United States,Chicago
E00415,Leilani Butler,Female,27,United States,Phoenix
E00416,Everleigh Fernandez,Female,30,Brazil,Manaus
E00417,Athena Carrillo,Female,39,United States,Columbus
E00422,Jade Acosta,Female,47,United States,Seattle
E00431,Eliza Hernandez,Female,48,Brazil,Rio de Janerio
E00432,Eli Gupta,Male,37,China,Beijing
E00436,Everly Walker,Female,41,United States,Seattle
E00440,Jack Huynh,Male,27,China,Chongqing
E00443,Nolan Bui,Male,28,China,Shanghai
E00446,Hudson Hill,Male,30,United States,Austin
E00447,Hailey Sanchez,Female,32,Brazil,Manaus
E00459,Jackson Jordan,Male,48,United States,Phoenix
E00465,Dominic Parker,Male,62,United States,Seattle
E00467,Sofia Dinh,Female,55,United States,Chicago
E00480,Hadley Yee,Female,31,United States,Seattle
E00481,Jameson Nelson,Male,61,United States,Columbus
E00488,Emery Hunter,Female,28,United States,Phoenix
E00494,Robert Alvarez,Male,39,Brazil,Manaus
E00500,Henry Shah,Male,55,China,Chengdu
E00501,Melody Ho,Female,55,United States,Columbus
E00502,Natalia Salazar,Female,44,Brazil,Manaus
E00503,Leah Patterson,Female,33,United States,Austin
E00508,Thomas Jung,Male,50,China,Shanghai
E00515,Joseph Vazquez,Male,40,United States,Miami
E00518,Lydia Morales,Female,51,Brazil,Manaus
E00521,Lily Carter,Female,54,United States,Phoenix
E00523,Daniel Jordan,Male,58,United States,Phoenix
E00527,Mateo Chu,Male,27,China,Chengdu
E00530,Eli Jones,Male,59,United States,Austin
E00535,Nathan Mendez,Male,53,United States,Austin
E00538,Caleb Xiong,Male,38,United States,Chicago
E00549,Isabella Xi,Female,41,United States,Seattle
E00553,Isla Yoon,Female,50,United States,Austin
E00555,Christian Ali,Male,65,China,Chongqing
E00556,Grayson Walker,Male,29,United States,Seattle
E00559,Penelope Silva,Female,36,United States,Columbus
E00568,Ava Garza,Female,27,United States,Phoenix
E00577,Nora Nunez,Female,45,Brazil,Sao Paulo
E00586,Sadie Washington,Female,29,United States,Phoenix
E00591,Savannah Ali,Female,36,United States,Miami
E00592,Josephine Richardson,Female,57,United States,Austin
E00593,Luke Wilson,Male,34,United States,Miami
E00595,Everly Chow,Female,33,China,Beijing
E00605,Nova Williams,Female,61,United States,Miami
E00607,Jameson Allen,Male,32,United States,Seattle
E00608,Anna Han,Female,29,United States,Chicago
E00624,William Watson,Male,41,United States,Miami
E00626,Luna Simmons,Female,28,United States,Chicago
E00632,Angel Chang,Male,37,China,Shanghai
E00634,Samantha Chavez,Female,53,Brazil,Manaus
E00638,David Simmons,Male,51,United States,Phoenix
E00639,Benjamin Mai,Male,54,United States,Phoenix
E00640,Paisley Bryant,Female,37,United States,Chicago
E00644,Joshua Gupta,Male,57,China,Chongqing
E00646,Charles Moore,Male,49,United States,Seattle
E00647,Dylan Ali,Male,27,United States,Phoenix
E00650,Emery Chang,Female,45,China,Chengdu
E00665,David Chu,Male,55,United States,Seattle
E00667,Skylar Shah,Female,42,United States,Phoenix
E00671,Leonardo Dixon,Male,37,United States,Seattle
E00672,Mila Pena,Female,45,Brazil,Manaus
E00676,Isaac Yoon,Male,41,United States,Chicago
E00682,Sofia Fernandez,Female,44,United States,Phoenix
E00691,Ezekiel Desai,Male,42,United States,Seattle
E00697,Jonathan Chavez,Male,29,United States,Seattle
E00699,Ava Ayala,Female,55,Brazil,Manaus
E00701,Madeline Garcia,Female,45,Brazil,Rio de Janerio
E00702,Nathan Pham,Male,45,United States,Seattle
E00703,Wesley Dominguez,Male,45,United States,Chicago
E00711,Melody Chin,Female,43,United States,Chicago
E00715,Elijah Kang,Male,35,United States,Seattle
E00716,John Chow,Male,45,China,Chengdu
E00717,Kennedy Vargas,Female,45,Brazil,Manaus
E00725,Nova Herrera,Female,45,Brazil,Sao Paulo
E00742,Cooper Mitchell,Male,43,United States,Seattle
E00747,Leilani Baker,Female,59,United States,Seattle
E00749,Valentina Moua,Female,37,United States,Columbus
E00752,Luna Liu,Female,36,China,Shanghai
E00758,Jonathan Khan,Male,35,China,Shanghai
E00769,Jose Kang,Male,57,China,Shanghai
E00784,Ella Nguyen,Female,60,China,Chongqing
E00785,Hannah Hoang,Female,25,China,Chengdu
E00788,Emily Contreras,Female,56,Brazil,Sao Paulo
E00791,Thomas Padilla,Male,57,Brazil,Sao Paulo
E00810,Hunter Nunez,Male,62,United States,Seattle
E00813,Autumn Joseph,Female,39,United States,Miami
E00816,Skylar Watson,Female,28,United States,Phoenix
E00824,Everleigh Adams,Female,33,United States,Chicago
E00825,Anna Molina,Female,41,United States,Columbus
E00826,Rylee Bui,Female,55,China,Chongqing
E00834,Vivian Guzman,Female,53,United States,Phoenix
E00836,Addison Roberts,Female,65,United States,Seattle
E00842,John Vega,Male,50,Brazil,Rio de Janerio
E00862,Levi Moreno,Male,64,Brazil,Manaus
E00863,Lincoln Ramos,Male,59,United States,Austin
E00864,Samantha Aguilar,Female,46,United States,Seattle
E00869,Nova Lin,Female,33,United States,Columbus
E00870,Evelyn Liang,Female,40,United States,Seattle
E00874,Alexander Choi,Male,55,United States,Chicago
E00880,Grace Carter,Female,25,United States,Austin
E00884,Camila Silva,Female,64,United States,Seattle
E00900,Eleanor Delgado,Female,33,Brazil,Sao Paulo
E00917,Skylar Bell,Female,30,United States,Columbus
E00929,Allison Espinoza,Female,45,United States,Miami
E00935,Joseph Martin,Male,41,United States,Miami
E00941,Sophie Ali,Female,55,United States,Columbus
E00943,Elena Mendoza,Female,27,Brazil,Sao Paulo
E00951,Everly Lin,Female,25,China,Chongqing
E00952,Jaxon Powell,Male,59,United States,Austin
E00955,Theodore Marquez,Male,54,Brazil,Sao Paulo
E00956,Eleanor Chau,Female,37,United States,Phoenix
E00957,Genesis Perry,Female,46,United States,Columbus
E00965,Jacob Khan,Male,53,China,Shanghai
E00972,Amelia Salazar,Female,26,Brazil,Sao Paulo
E00976,Zoe Rodriguez,Female,65,United States,Phoenix
E00981,Miles Thao,Male,57,United States,Columbus
E00994,Charlotte Baker,Female,29,United States,Austin
E01002,Elias Ali,Male,28,China,Shanghai
E01006,Autumn Leung,Female,25,United States,Chicago
E01014,Lucas Phan,Male,49,China,Chongqing
E01019,Dominic Scott,Male,45,United States,Phoenix
E01037,Jeremiah Chu,Male,31,China,Shanghai
E01052,Jaxson Dinh,Male,45,China,Shanghai
E01064,Clara Kang,Female,39,United States,Phoenix
E01070,Leonardo Martin,Male,51,United States,Chicago
E01075,Joshua Juarez,Male,46,Brazil,Sao Paulo
E01076,Sofia Vu,Female,52,United States,Austin
E01089,Nicholas Brooks,Male,43,United States,Phoenix
E01090,Jacob Cheng,Male,59,United States,Miami
E01091,Carter Reed,Male,40,United States,Seattle
E01095,Isla Lai,Female,37,China,Shanghai
E01103,Lyla Alvarez,Female,55,United States,Phoenix
E01108,Hannah Martinez,Female,65,United States,Miami
E01111,Santiago f Moua,Male,45,United States,Chicago
E01116,Jaxon Tran,Male,45,China,Shanghai
E01118,Roman Yang,Male,42,United States,Phoenix
E01123,Madison Nelson,Female,27,United States,Miami
E01125,Joshua Yang,Male,34,China,Shanghai
E01132,Aiden Bryant,Male,47,United States,Columbus
E01141,Gianna Williams,Female,27,United States,Chicago
E01148,Scarlett Kumar,Female,55,United States,Columbus
E01150,Allison Leung,Female,62,United States,Austin
E01167,Kinsley Collins,Female,28,United States,Phoenix
E01188,Alexander James,Male,42,United States,Columbus
E01193,Raelynn Lu,Female,27,China,Chongqing
E01194,Samantha Adams,Female,45,United States,Seattle
E01209,Jayden Williams,Male,64,United States,Columbus
E01221,Eva Figueroa,Female,48,United States,Seattle
E01225,Christian Fong,Male,49,China,Beijing
E01232,Samantha Foster,Female,34,United States,Austin
E01234,Jack Cheng,Male,42,China,Beijing
E01238,Eloise Griffin,Female,55,United States,Austin
E01241,Hadley Guerrero,Female,49,Brazil,Sao Paulo
E01242,Emery Doan,Female,25,China,Shanghai
E01249,Penelope Guerrero,Female,43,United States,Seattle
E01258,Gabriel Brooks,Male,29,United States,Miami
E01261,Connor Simmons,Male,55,United States,Miami
E01262,Miles Mehta,Male,50,China,Chongqing
E01263,Adam Espinoza,Male,36,United States,Seattle
E01264,Hazel Alvarez,Female,62,Brazil,Sao Paulo
E01268,Charlotte Wu,Female,63,China,Shanghai
E01271,Luke Munoz,Male,64,Brazil,Manaus
E01281,Isaac Mitchell,Male,46,United States,Austin
E01286,Mateo Mendez,Male,47,United States,Austin
E01291,Thomas Aguilar,Male,45,United States,Phoenix
E01300,Sadie Lee,Female,65,China,Chengdu
E01309,Everleigh Jiang,Female,58,United States,Columbus
E01337,Andrew Coleman,Male,41,United States,Miami
E01338,Jaxson Coleman,Male,32,United States,Miami
E01339,Jeremiah Hernandez,Male,26,United States,Columbus
E01347,Aiden Gonzales,Male,44,Brazil,Sao Paulo
E01350,Natalie Carter,Female,64,United States,Austin
E01351,Leo Owens,Male,47,United States,Seattle
E01357,Paisley Hunter,Female,61,United States,Chicago
E01361,Emma Hill,Female,54,United States,Miami
E01363,Ayla Daniels,Female,53,United States,Miami
E01366,William Walker,Male,40,United States,Columbus
E01371,Dominic Le,Male,41,China,Chongqing
E01377,Grayson Luu,Male,55,China,Shanghai
E01378,Genesis Xiong,Female,51,United States,Columbus
E01387,Cora Zheng,Female,27,China,Chengdu
E01388,Ivy Soto,Female,50,United States,Austin
E01396,Jack Vu,Male,43,China,Chengdu
E01403,Xavier Park,Male,40,China,Chengdu
E01407,Ellie Guerrero,Female,29,Brazil,Manaus
E01409,Jose Molina,Male,40,Brazil,Manaus
E01412,Eva Jenkins,Female,55,United States,Chicago
E01413,Caroline Nelson,Female,60,United States,Columbus
E01415,Henry Green,Male,32,United States,Phoenix
E01416,Hudson Thompson,Male,30,United States,Phoenix
E01417,Leah Pena,Female,57,Brazil,Manaus
E01422,Lydia Espinoza,Female,29,Brazil,Sao Paulo
E01423,James Castillo,Male,51,Brazil,Manaus
E01425,Anthony Rogers,Male,33,United States,Columbus
E01427,Mia Cheng,Female,34,United States,Phoenix
E01429,Dylan Wilson,Male,48,United States,Seattle
E01432,Peyton Garza,Female,53,Brazil,Manaus
E01465,Hannah White,Female,62,United States,Phoenix
E01466,Connor Vang,Male,25,United States,Miami
E01479,Serenity Bailey,Female,55,United States,Chicago
E01484,Anna Zhu,Female,48,China,Beijing
E01486,Mason Cho,Male,59,United States,Chicago
E01488,Penelope Griffin,Female,61,United States,Seattle
E01496,Ava Ortiz,Female,53,United States,Columbus
E01499,Jade Rojas,Female,37,United States,Phoenix
E01501,Hudson Liu,Male,34,United States,Miami
E01508,Penelope Rodriguez,Female,49,Brazil,Rio de Janerio
E01516,Willow Mai,Female,45,China,Chengdu
E01519,Anthony Marquez,Male,54,United States,Columbus
E01524,Ian Miller,Male,31,United States,Austin
E01525,Jose Ross,Male,53,United States,Miami
E01533,Avery Bailey,Female,49,United States,Phoenix
E01540,Miles Salazar,Male,36,Brazil,Sao Paulo
E01546,Maria Hong,Female,43,China,Chongqing
E01550,Ruby Barnes,Female,27,United States,Phoenix
E01578,Anthony Hong,Male,37,United States,Columbus
E01582,Elijah Coleman,Male,53,United States,Miami
E01584,Carter Mejia,Male,29,Brazil,Sao Paulo
E01591,Paisley Trinh,Female,57,United States,Austin
E01611,Gabriella Zhu,Female,36,China,Chongqing
E01628,Jackson Perry,Male,27,United States,Phoenix
E01631,Leilani Yee,Female,47,China,Chengdu
E01633,Addison Do,Female,46,United States,Columbus
E01636,Naomi Coleman,Female,29,United States,Phoenix
E01638,Maria He,Female,45,China,Beijing
E01639,Austin Vo,Male,55,United States,Phoenix
E01642,Mia Lam,Female,49,United States,Austin
E01649,Eva Alvarado,Female,46,Brazil,Sao Paulo
E01652,Avery Dominguez,Female,27,Brazil,Rio de Janerio
E01668,Naomi Xi,Female,53,China,Chongqing
E01684,Jaxson Liang,Male,64,United States,Phoenix
E01687,Luke Mai,Male,41,China,Beijing
E01706,Avery Sun,Female,45,China,Chongqing
E01711,Benjamin Ford,Male,31,United States,Phoenix
E01712,James Singh,Male,45,China,Chongqing
E01713,Nolan Guzman,Male,46,Brazil,Sao Paulo
E01714,Savannah Park,Female,44,United States,Seattle
E01722,Asher Huynh,Male,45,United States,Phoenix
E01724,Nolan Molina,Male,36,Brazil,Manaus
E01733,Eloise Pham,Female,45,China,Shanghai
E01749,Nathan Lee,Male,29,United States,Columbus
E01753,Connor Fong,Male,40,United States,Seattle
E01754,Owen Lam,Male,30,China,Chengdu
E01755,Audrey Patel,Female,37,China,Shanghai
E01760,Madeline Acosta,Female,26,Brazil,Sao Paulo
E01762,Maya Ngo,Female,55,United States,Columbus
E01787,Lillian Romero,Female,27,United States,Austin
E01789,Charles Luu,Male,25,China,Shanghai
E01797,Piper Lewis,Female,33,United States,Chicago
E01807,Cameron Evans,Male,50,United States,Columbus
E01820,Nathan Miller,Male,27,United States,Miami
E01832,Ezra Singh,Male,56,United States,Austin
E01834,Chloe Allen,Female,64,United States,Seattle
E01839,Stella Alexander,Female,52,United States,Chicago
E01844,Jayden Kang,Male,46,United States,Seattle
E01845,Leo Fernandez,Male,54,Brazil,Sao Paulo
E01848,Zoey Jackson,Female,46,United States,Miami
E01860,Jack Edwards,Male,38,United States,Columbus
E01870,Carson Chau,Male,58,China,Chongqing
E01877,Abigail Garza,Female,33,United States,Seattle
E01883,Isla Guzman,Female,28,Brazil,Rio de Janerio
E01895,Gabriel Zhou,Male,25,China,Chongqing
E01896,Adam Nelson,Male,25,United States,Chicago
E01898,Oliver Moua,Male,29,United States,Seattle
E01899,Xavier Jackson,Male,52,United States,Miami
E01902,Eleanor Li,Female,64,United States,Chicago
E01909,Lillian Khan,Female,44,China,Chengdu
E01921,Sarah Daniels,Female,55,United States,Miami
E01924,Anna Gutierrez,Female,59,Brazil,Sao Paulo
E01927,Charles Moore,Male,34,United States,Miami
E01941,Quinn Trinh,Female,42,China,Beijing
E01943,Vivian Espinoza,Female,52,Brazil,Rio de Janerio
E01947,Sophie Owens,Female,30,United States,Seattle
E01952,Everett Lee,Male,45,United States,Columbus
E01958,Angel Lin,Male,27,United States,Chicago
E01966,Thomas Williams,Male,45,United States,Columbus
E01967,John Dang,Male,58,China,Chongqing
E01970,Vivian Barnes,Female,51,United States,Phoenix
E01977,Raelynn Gupta,Female,48,China,Chongqing
E01981,Genesis Banks,Female,63,United States,Chicago
E01985,Eliana Turner,Female,65,United States,Austin
E01986,Wesley Sharma,Male,51,China,Shanghai
E01994,Angel Powell,Male,61,United States,Seattle
E01995,Jonathan Ho,Male,37,United States,Columbus
E02005,Isabella Bui,Female,36,United States,Miami
E02012,Anna Han,Female,65,United States,Austin
E02017,Connor Joseph,Male,50,United States,Chicago
E02023,Maverick Mehta,Male,40,United States,Seattle
E02024,Amelia Bell,Female,53,United States,Seattle
E02031,Melody Cooper,Female,44,United States,Austin
E02033,Grace Sun,Female,25,China,Shanghai
E02035,Eli Rahman,Male,45,China,Chengdu
E02038,Ellie Chung,Female,59,China,Chongqing
E02044,Caroline Alexander,Female,42,United States,Columbus
E02047,Xavier Perez,Male,51,Brazil,Rio de Janerio
E02059,Roman Munoz,Male,54,United States,Austin
E02062,Nora Santiago,Female,55,Brazil,Rio de Janerio
E02063,Ian Gutierrez,Male,32,Brazil,Rio de Janerio
E02066,Grayson Yee,Male,48,China,Beijing
E02071,Mateo Her,Male,44,China,Chongqing
E02072,Charles Robinson,Male,26,United States,Seattle
E02074,Nora Brown,Female,32,United States,Austin
E02088,Skylar Ayala,Female,55,United States,Phoenix
E02094,Matthew Gupta,Male,45,China,Beijing
E02103,Andrew Ma,Male,31,China,Chongqing
E02108,Madeline Coleman,Female,51,United States,Chicago
E02112,Christian Sanders,Male,45,United States,Seattle
E02121,Levi Brown,Male,36,United States,Chicago
E02135,John Delgado,Male,30,United States,Austin
E02139,Rylee Yu,Female,36,United States,Seattle
E02140,Naomi Zhao,Female,45,United States,Miami
E02147,Allison Medina,Female,55,Brazil,Sao Paulo
E02148,Christopher Vega,Male,54,United States,Chicago
E02153,Peyton Vasquez,Female,26,United States,Phoenix
E02166,John Soto,Male,60,United States,Phoenix
E02179,Peyton Owens,Female,48,United States,Chicago
E02183,Sarah Ayala,Female,47,United States,Seattle
E02185,Wyatt Rojas,Male,32,United States,Austin
E02189,Isla Chavez,Female,29,Brazil,Rio de Janerio
E02190,Gabriel Carter,Male,57,United States,Columbus
E02191,Maria Sun,Female,25,China,Chengdu
E02192,Lucy Avila,Female,43,Brazil,Sao Paulo
E02193,Josephine Acosta,Female,40,Brazil,Manaus
E02202,Emilia Bailey,Female,41,United States,Austin
E02206,Jose Henderson,Male,41,United States,Columbus
E02216,Caleb Marquez,Male,29,Brazil,Rio de Janerio
E02217,William Phillips,Male,61,United States,Austin
E02221,Julian Delgado,Male,29,Brazil,Rio de Janerio
E02227,Sofia Parker,Female,36,United States,Chicago
E02235,Riley Ramirez,Female,52,United States,Chicago
E02249,Allison Daniels,Female,37,United States,Phoenix
E02252,Lillian Park,Female,40,China,Chengdu
E02254,Jaxson Sandoval,Male,61,Brazil,Sao Paulo
E02258,Eliza Chen,Female,36,United States,Austin
E02259,Emily Lau,Female,35,United States,Phoenix
E02274,Isabella Bailey,Female,36,United States,Phoenix
E02276,Hazel Griffin,Female,32,United States,Phoenix
E02283,Jaxon Park,Male,33,China,Chengdu
E02284,Josephine Salazar,Female,36,Brazil,Sao Paulo
E02285,Aria Xi,Female,45,United States,Seattle
E02295,Axel Jordan,Male,47,United States,Chicago
E02298,Emily Doan,Female,32,United States,Phoenix
E02307,Skylar Evans,Female,42,United States,Austin
E02310,Jordan Phillips,Male,45,United States,Columbus
E02313,Jeremiah Lu,Male,50,China,Shanghai
E02331,Sophia Huynh,Female,55,United States,Miami
E02333,Jaxson Wright,Male,54,United States,Columbus
E02337,Emma Cao,Female,27,China,Chongqing
E02363,Eliza Liang,Female,36,China,Beijing
E02375,Lincoln Huynh,Male,63,United States,Austin
E02378,Audrey Smith,Female,58,United States,Columbus
E02387,Emily Davis,Female,55,United States,Seattle
E02391,Natalia Santos,Female,45,Brazil,Sao Paulo
E02415,Penelope Gonzalez,Female,52,United States,Phoenix
E02417,Alice Young,Female,46,United States,Chicago
E02420,Madison Li,Female,35,China,Beijing
E02421,Jordan Truong,Male,45,United States,Miami
E02427,Addison Mehta,Female,27,United States,Columbus
E02428,Connor Luu,Male,35,China,Chengdu
E02440,Grayson Turner,Male,54,United States,Chicago
E02453,Dylan Kumar,Male,55,China,Chongqing
E02464,Sophie Silva,Female,28,Brazil,Rio de Janerio
E02468,Ella Huang,Female,45,United States,Chicago
E02473,Leonardo Lo,Male,29,China,Chongqing
E02477,Amelia Bui,Female,46,China,Chengdu
E02478,Alexander Morris,Male,33,United States,Phoenix
E02489,Ethan Clark,Male,33,United States,Columbus
E02492,Sebastian Gupta,Male,40,China,Chongqing
E02521,Lily Nguyen,Female,33,China,Chengdu
E02522,Silas Rivera,Male,48,United States,Chicago
E02531,Jameson Foster,Male,28,United States,Columbus
E02534,Victoria Johnson,Female,55,United States,Columbus
E02535,Caroline Perez,Female,29,Brazil,Sao Paulo
E02554,Joshua Ramirez,Male,44,Brazil,Sao Paulo
E02555,Landon Lopez,Male,38,Brazil,Sao Paulo
E02558,Jose Richardson,Male,26,United States,Miami
E02561,Samantha Vargas,Female,53,Brazil,Sao Paulo
E02562,Christian Medina,Male,51,United States,Columbus
E02563,Emily Clark,Female,36,United States,Miami
E02572,Luna Sanders,Female,50,United States,Chicago
E02576,Gianna Ha,Female,55,China,Chongqing
E02594,Ezekiel Kumar,Male,28,United States,Columbus
E02599,Daniel Huang,Male,31,United States,Columbus
E02604,Brooklyn Collins,Female,59,United States,Austin
E02613,John Jung,Male,63,China,Shanghai
E02627,Parker Avila,Male,47,Brazil,Manaus
E02628,Nora Nelson,Female,41,United States,Columbus
E02632,Alice Soto,Female,56,Brazil,Manaus
E02633,Allison Roberts,Female,54,United States,Columbus
E02639,Hadley Parker,Female,30,United States,Columbus
E02642,Sebastian Rogers,Male,38,United States,Miami
E02649,Charles Gonzalez,Male,27,Brazil,Rio de Janerio
E02652,Nathan Sun,Male,63,China,Shanghai
E02661,Maya Chan,Female,37,China,Beijing
E02665,Bella Butler,Female,33,United States,Seattle
E02678,Nicholas Rivera,Male,45,Brazil,Sao Paulo
E02681,Caroline Owens,Female,26,United States,Phoenix
E02684,Aaron Maldonado,Male,39,United States,Seattle
E02687,Caroline Nelson,Female,36,United States,Chicago
E02693,Grace Campos,Female,37,Brazil,Manaus
E02696,Ryan Lu,Male,25,United States,Columbus
E02703,Austin Vang,Male,49,China,Beijing
E02706,Nevaeh Kang,Female,46,China,Chengdu
E02710,Silas Huang,Male,57,United States,Miami
E02716,Dominic Dinh,Male,45,United States,Chicago
E02720,Jaxon Fong,Male,59,China,Beijing
E02728,Thomas Chang,Male,34,China,Beijing
E02730,Axel Soto,Male,46,Brazil,Rio de Janerio
E02732,Alice Tran,Female,39,United States,Seattle
E02744,Dylan Padilla,Male,31,United States,Seattle
E02747,Kinsley Acosta,Female,32,United States,Chicago
E02748,Genesis Zhu,Female,34,United States,Seattle
E02761,Luca Duong,Male,48,China,Chengdu
E02769,Eliza Adams,Female,26,United States,Chicago
E02770,Liliana Do,Female,30,China,Chengdu
E02781,Athena Vu,Female,63,United States,Miami
E02783,Levi Mendez,Male,39,Brazil,Rio de Janerio
E02791,Aubrey Romero,Female,49,United States,Phoenix
E02798,Charles Henderson,Male,48,United States,Austin
E02800,Eva Estrada,Female,45,Brazil,Sao Paulo
E02801,Santiago f Brooks,Male,51,United States,Phoenix
E02802,Matthew Chau,Male,53,United States,Seattle
E02803,Eli Soto,Male,38,Brazil,Rio de Janerio
E02810,Layla Torres,Female,37,Brazil,Rio de Janerio
E02813,Kai Chow,Male,45,United States,Austin
E02818,Aaron Garza,Male,39,United States,Columbus
E02825,Wyatt Li,Male,63,United States,Chicago
E02832,Penelope Jordan,Female,26,United States,Chicago
E02833,Adrian Fernandez,Male,45,United States,Columbus
E02838,Julia Pham,Female,65,China,Shanghai
E02843,Lily Pena,Female,55,United States,Miami
E02844,Charles Diaz,Male,55,Brazil,Sao Paulo
E02846,Julia Mai,Female,50,China,Shanghai
E02848,Emma Brooks,Female,30,United States,Austin
E02850,Evelyn Dinh,Female,41,United States,Columbus
E02855,Piper Cheng,Female,62,United States,Miami
E02856,Amelia Kaur,Female,30,United States,Columbus
E02857,Mason Jimenez,Male,44,United States,Austin
E02861,Daniel Perry,Male,62,United States,Columbus
E02862,Peyton Huang,Female,25,China,Beijing
E02872,Liam Jung,Male,39,China,Chengdu
E02875,Madeline Shin,Female,48,United States,Seattle
E02877,Mila Allen,Female,56,United States,Miami
E02881,Leilani Sharma,Female,43,China,Chengdu
E02884,Axel Johnson,Male,60,United States,Seattle
E02888,Elijah Ramos,Male,33,Brazil,Rio de Janerio
E02889,Mia Herrera,Female,43,Brazil,Manaus
E02895,Mila Soto,Female,65,Brazil,Manaus
E02899,Joshua Cortez,Male,44,Brazil,Manaus
E02900,Elena Richardson,Female,34,United States,Columbus
E02903,Robert Vazquez,Male,40,United States,Austin
E02907,Jose Singh,Male,44,United States,Columbus
E02914,Maria Wilson,Female,51,United States,Columbus
E02917,Everett Morales,Male,57,Brazil,Rio de Janerio
E02920,Willow Woods,Female,28,United States,Miami
E02923,Ethan Tang,Male,54,United States,Chicago
E02938,John Trinh,Male,49,China,Shanghai
E02939,Julian Fong,Male,61,China,Chongqing
E02942,Daniel Richardson,Male,30,United States,Austin
E02943,Bella Lopez,Female,32,United States,Chicago
E02944,Joshua Fong,Male,47,China,Beijing
E02960,Nova Hill,Female,56,United States,Chicago
E02965,Andrew Do,Male,43,United States,Seattle
E02966,William Foster,Male,58,United States,Phoenix
E02968,Caroline Santos,Female,25,Brazil,Sao Paulo
E02971,Mia Wu,Female,45,China,Beijing
E02977,Nicholas Song,Male,52,China,Chengdu
E02980,Hailey Shin,Female,57,China,Shanghai
E02984,Jack Mai,Male,45,China,Chengdu
E02987,Mateo Harris,Male,30,United States,Columbus
E02992,Paisley Sanders,Female,55,United States,Miami
E03000,Hailey Hong,Female,33,United States,Chicago
E03007,Isaac Joseph,Male,54,United States,Seattle
E03018,Autumn Reed,Female,37,United States,Miami
E03025,Lucy Alexander,Female,45,United States,Seattle
E03027,Elijah Watson,Male,29,United States,Seattle
E03042,Ava Nelson,Female,63,United States,Phoenix
E03045,Andrew Huynh,Male,57,United States,Miami
E03047,Gabriella Gupta,Female,41,China,Shanghai
E03055,Austin Rojas,Male,29,United States,Austin
E03058,Angel Xiong,Male,35,China,Shanghai
E03059,Hailey Dang,Female,64,China,Shanghai
E03061,Vivian Lewis,Female,65,United States,Columbus
E03064,Lincoln Fong,Male,31,China,Chongqing
E03065,Ezra Ortiz,Male,41,United States,Miami
E03081,Ayla Brown,Female,49,United States,Phoenix
E03090,Penelope Choi,Female,49,China,Beijing
E03094,Wesley Young,Male,33,United States,Columbus
E03096,Kennedy Zhang,Female,63,China,Chongqing
E03097,Brooks Stewart,Male,45,United States,Columbus
E03102,Cooper Valdez,Male,50,Brazil,Sao Paulo
E03106,Xavier Davis,Male,36,United States,Seattle
E03113,Willow Chen,Female,50,United States,Austin
E03114,Jameson Juarez,Male,62,United States,Miami
E03124,Caleb Nelson,Male,33,United States,Columbus
E03131,Ezekiel Reed,Male,37,United States,Miami
E03149,Layla Collins,Female,26,United States,Austin
E03159,Claire Romero,Female,37,Brazil,Manaus
E03160,Carter Ortiz,Male,54,Brazil,Sao Paulo
E03166,Austin Edwards,Male,42,United States,Chicago
E03167,Luke Zheng,Male,39,China,Beijing
E03168,Nora Le,Female,53,United States,Seattle
E03170,Autumn Thao,Female,63,United States,Phoenix
E03181,Greyson Dang,Male,60,China,Beijing
E03189,Asher Jackson,Male,50,United States,Columbus
E03220,Alexander Gonzales,Male,34,United States,Phoenix
E03223,Ethan Joseph,Male,45,United States,Columbus
E03226,Angel Stewart,Male,28,United States,Seattle
E03227,Eli Richardson,Male,38,United States,Seattle
E03240,Aiden Silva,Male,42,Brazil,Manaus
E03247,Caroline Jenkins,Female,27,United States,Chicago
E03248,Lyla Stewart,Female,43,United States,Austin
E03251,Ruby Medina,Female,50,United States,Seattle
E03252,James Bui,Male,64,China,Chongqing
E03255,Jose Brown,Male,43,United States,Seattle
E03262,Logan Mitchell,Male,65,United States,Columbus
E03268,Emilia Rivera,Female,42,United States,Miami
E03269,Charlotte Chu,Female,50,China,Chengdu
E03273,Daniel Shah,Male,41,China,Beijing
E03277,Caroline Hu,Female,31,China,Shanghai
E03278,Nevaeh James,Female,45,United States,Austin
E03289,Christopher Lam,Male,64,United States,Columbus
E03292,Cora Evans,Female,45,United States,Austin
E03296,Eloise Trinh,Female,39,United States,Miami
E03300,Maria Chin,Female,65,China,Beijing
E03305,Hannah King,Female,31,United States,Chicago
E03310,Dylan Campbell,Male,45,United States,Phoenix
E03325,Robert Edwards,Male,62,United States,Seattle
E03327,Julia Luong,Female,55,China,Chongqing
E03328,Lucy Johnson,Female,57,United States,Columbus
E03332,Ruby Sun,Female,50,China,Shanghai
E03343,Carson Lu,Male,64,China,Beijing
E03344,Camila Rogers,Female,27,United States,Seattle
E03347,Rylee Dinh,Female,35,China,Chongqing
E03349,Anna Mehta,Female,32,United States,Seattle
E03354,Silas Estrada,Male,49,Brazil,Rio de Janerio
E03359,Autumn Ortiz,Female,30,Brazil,Sao Paulo
E03362,Lily Henderson,Female,61,United States,Phoenix
E03364,Audrey Lee,Female,51,China,Chongqing
E03370,Ian Cortez,Male,61,Brazil,Rio de Janerio
E03371,Jack Alexander,Male,56,United States,Miami
E03379,Landon Kim,Male,50,United States,Phoenix
E03383,Lincoln Hall,Male,26,United States,Chicago
E03393,Henry Figueroa,Male,46,Brazil,Manaus
E03394,Joseph Ly,Male,40,China,Chongqing
E03402,Isaac Liu,Male,60,China,Chongqing
E03404,Everleigh Nunez,Female,42,Brazil,Manaus
E03412,Joshua Martin,Male,42,United States,Phoenix
E03417,Benjamin Moua,Male,40,China,Chongqing
E03419,Jade Yi,Female,47,China,Chongqing
E03423,Santiago f Gonzalez,Male,36,United States,Seattle
E03429,Ian Wu,Male,51,China,Chengdu
E03430,Leo Herrera,Male,48,Brazil,Manaus
E03438,Asher Morales,Male,52,Brazil,Sao Paulo
E03440,Genesis Navarro,Female,41,Brazil,Manaus
E03446,Julian Ross,Male,51,United States,Miami
E03455,Hadley Ford,Female,52,United States,Chicago
E03457,Ivy Desai,Female,59,China,Shanghai
E03461,Nathan Lau,Male,35,United States,Austin
E03465,Harper Phan,Female,45,China,Shanghai
E03471,Julia Sandoval,Female,42,United States,Miami
E03474,Violet Hall,Female,40,United States,Chicago
E03484,Logan Rivera,Male,59,Brazil,Rio de Janerio
E03490,Henry Campos,Male,38,United States,Phoenix
E03496,Robert Yang,Male,31,United States,Austin
E03506,Jaxson Mai,Male,48,United States,Austin
E03519,Eliza Zheng,Female,48,China,Chongqing
E03520,Nolan Pena,Male,30,Brazil,Sao Paulo
E03521,Jackson Navarro,Male,52,Brazil,Sao Paulo
E03528,Leo Hsu,Male,62,China,Chongqing
E03532,Jaxson Santiago,Male,56,United States,Phoenix
E03538,Gabriel Holmes,Male,40,United States,Seattle
E03540,Emma Perry,Female,28,United States,Seattle
E03545,Sofia Cheng,Female,63,United States,Miami
E03547,Owen Han,Male,28,China,Chongqing
E03549,Mateo Vu,Male,30,China,Chongqing
E03550,Stella Wu,Female,35,United States,Phoenix
E03560,Ayla Ng,Female,46,China,Beijing
E03563,Ian Barnes,Male,47,United States,Miami
E03567,Silas Chavez,Male,51,United States,Columbus
E03571,Lincoln Henderson,Male,28,United States,Chicago
E03574,John Moore,Male,52,United States,Seattle
E03578,Maverick Li,Male,34,United States,Austin
E03579,Robert Zhang,Male,45,United States,Phoenix
E03580,Maverick Medina,Male,39,United States,Seattle
E03583,Brooks Marquez,Male,61,United States,Chicago
E03591,Piper Sun,Female,64,United States,Seattle
E03595,Christopher Howard,Male,61,United States,Seattle
E03611,Alice Mehta,Female,45,China,Beijing
E03612,Grayson Cooper,Male,64,United States,Columbus
E03615,Daniel Dixon,Male,51,United States,Austin
E03616,Josiah Lewis,Male,46,United States,Austin
E03626,Nicholas Avila,Male,28,United States,Austin
E03630,Jacob Davis,Male,36,United States,Chicago
E03637,Landon Thao,Male,25,United States,Phoenix
E03642,Aria Roberts,Female,38,United States,Seattle
E03648,Vivian Hunter,Female,26,United States,Seattle
E03655,Samantha Rogers,Female,28,United States,Miami
E03664,Aria Castro,Female,45,Brazil,Rio de Janerio
E03680,Elias Alvarado,Male,56,Brazil,Manaus
E03681,Lyla Chen,Female,45,United States,Chicago
E03683,Raelynn Hong,Female,28,China,Beijing
E03685,Silas Hunter,Male,55,United States,Chicago
E03689,Wesley Gray,Male,62,United States,Seattle
E03691,Colton Garcia,Male,55,United States,Miami
E03694,Elena Patterson,Female,38,United States,Chicago
E03697,Isaac Woods,Male,28,United States,Miami
E03717,Joseph Ruiz,Male,45,Brazil,Sao Paulo
E03718,Zoe Zhou,Female,61,China,Beijing
E03719,Jack Brown,Male,55,United States,Phoenix
E03720,Dominic Clark,Male,52,United States,Phoenix
E03737,Kennedy Rahman,Female,49,China,Chongqing
E03749,Kennedy Foster,Female,53,United States,Austin
E03750,Elias Dang,Male,64,China,Chengdu
E03758,Liam Zhang,Male,29,United States,Chicago
E03774,Hannah Mejia,Female,47,United States,Austin
E03778,Luke Vu,Male,52,China,Shanghai
E03795,Hazel Young,Female,30,United States,Austin
E03799,Natalie Hwang,Female,63,United States,Phoenix
E03802,Thomas Vazquez,Male,46,Brazil,Sao Paulo
E03805,Autumn Gonzales,Female,34,Brazil,Manaus
E03807,Kennedy Do,Female,42,United States,Phoenix
E03816,Leilani Chow,Female,27,China,Beijing
E03824,Penelope Coleman,Female,36,United States,Miami
E03830,Eva Coleman,Female,37,United States,Seattle
E03834,Anthony Carter,Male,41,United States,Columbus
E03838,Madeline Walker,Female,34,United States,Chicago
E03849,Evelyn Jung,Female,30,China,Beijing
E03854,Camila Li,Female,60,China,Shanghai
E03858,John Cho,Male,47,China,Chengdu
E03863,Madeline Watson,Female,40,United States,Miami
E03864,Ella Hunter,Female,51,United States,Columbus
E03866,Jordan Zhu,Male,32,United States,Seattle
E03870,Madeline Allen,Female,30,United States,Seattle
E03875,Aurora Simmons,Female,51,United States,Austin
E03880,Samantha Woods,Female,56,United States,Phoenix
E03881,Andrew Reed,Male,28,United States,Miami
E03889,Caleb Flores,Male,34,Brazil,Rio de Janerio
E03890,Nevaeh Jones,Female,31,United States,Austin
E03893,Alice Xiong,Female,55,China,Chengdu
E03894,Charlotte Chang,Female,50,United States,Chicago
E03901,Luca Truong,Male,45,China,Chongqing
E03902,Madison Hunter,Female,40,United States,Columbus
E03904,Hunter Ortiz,Male,46,Brazil,Rio de Janerio
E03906,Piper Richardson,Female,38,United States,Columbus
E03907,Camila Watson,Female,32,United States,Austin
E03908,Miles Evans,Male,54,United States,Miami
E03910,Nova Hsu,Female,32,United States,Phoenix
E03912,Carter Turner,Male,33,United States,Phoenix
E03919,Grayson Chan,Male,46,China,Chengdu
E03928,Miles Dang,Male,61,United States,Miami
E03935,Cora Jiang,Female,53,United States,Austin
E03941,Isla Han,Female,58,United States,Chicago
E03947,Logan Soto,Male,36,United States,Columbus
E03956,Everly Walker,Female,62,United States,Austin
E03968,Joshua Chin,Male,60,United States,Phoenix
E03971,Lillian Chen,Female,25,United States,Columbus
E03972,Jordan Gomez,Male,58,Brazil,Rio de Janerio
E03980,Lydia Huynh,Female,45,United States,Chicago
E03981,Eliana Li,Female,63,United States,Miami
E03984,Hailey Foster,Female,55,United States,Chicago
E03988,Dominic Thomas,Male,48,United States,Austin
E03994,Henry Jung,Male,57,United States,Austin
E04000,Skylar Carrillo,Female,44,United States,Austin
E04004,Everleigh Shah,Female,36,United States,Columbus
E04005,Lincoln Wong,Male,49,United States,Columbus
E04018,Emery Ford,Female,39,United States,Austin
E04029,Jayden Jimenez,Male,46,Brazil,Rio de Janerio
E04032,Emery Zhang,Female,45,China,Beijing
E04035,Penelope Johnson,Female,34,United States,Chicago
E04037,Roman Martinez,Male,31,Brazil,Manaus
E04041,Clara Huynh,Female,39,China,Shanghai
E04048,Julian Lee,Male,51,United States,Seattle
E04072,Emery Mitchell,Female,48,United States,Seattle
E04079,Christopher Butler,Male,41,United States,Miami
E04087,Adam Kaur,Male,60,China,Chengdu
E04088,Ezra Liang,Male,52,United States,Miami
E04089,Sebastian Fong,Male,46,United States,Austin
E04095,Sadie Patterson,Female,38,United States,Seattle
E04101,Olivia Harris,Female,63,United States,Columbus
E04103,Isabella Soto,Female,27,Brazil,Sao Paulo
E04105,Theodore Dinh,Male,59,China,Chongqing
E04108,Jade Figueroa,Female,33,Brazil,Rio de Janerio
E04109,Leah Bryant,Female,55,United States,Austin
E04112,Axel Chu,Male,43,China,Beijing
E04114,Christopher Lim,Male,55,China,Shanghai
E04116,David Barnes,Male,64,United States,Columbus
E04123,Andrew Holmes,Male,59,United States,Miami
E04126,Dominic Baker,Male,51,United States,Chicago
E04127,Emery Acosta,Female,42,United States,Columbus
E04128,Jacob Doan,Male,55,United States,Miami
E04130,Elias Figueroa,Male,45,United States,Phoenix
E04131,Cora Rivera,Female,42,United States,Seattle
E04132,Kinsley Henry,Female,45,United States,Miami
E04136,Mason Cao,Male,52,China,Beijing
E04150,Natalia Vu,Female,54,United States,Columbus
E04152,Adeline Huang,Female,34,China,Chengdu
E04155,Dylan Dominguez,Male,42,Brazil,Rio de Janerio
E04157,William Cao,Male,63,China,Beijing
E04163,David Herrera,Male,32,Brazil,Rio de Janerio
E04165,Sophie Vang,Female,25,China,Chongqing
E04167,Henry Alvarez,Male,48,Brazil,Manaus
E04168,Mila Juarez,Female,38,Brazil,Sao Paulo
E04170,Grayson Chin,Male,26,United States,Austin
E04174,Maverick Henry,Male,26,United States,Chicago
E04189,Ariana Kim,Female,33,China,Chengdu
E04194,Madison Kumar,Female,55,China,Chengdu
E04207,John Contreras,Male,35,United States,Columbus
E04213,Hailey Xi,Female,52,China,Chongqing
E04217,Lydia Williams,Female,35,United States,Chicago
E04221,Roman King,Male,60,United States,Columbus
E04222,Quinn Xiong,Female,55,United States,Columbus
E04224,Lucas Ramos,Male,56,United States,Phoenix
E04226,Andrew Moore,Male,47,United States,Chicago
E04239,Everleigh Ng,Female,51,China,Shanghai
E04242,Alice Lopez,Female,48,United States,Seattle
E04247,Camila Evans,Female,55,United States,Miami
E04249,Hadley Dang,Female,47,United States,Austin
E04265,Natalia Diaz,Female,62,United States,Austin
E04267,Greyson Sanders,Male,28,United States,Chicago
E04277,Zoe Do,Female,60,China,Beijing
E04285,Riley Padilla,Female,35,United States,Miami
E04288,Ella White,Female,25,United States,Phoenix
E04290,Hannah Gomez,Female,25,United States,Miami
E04299,Paisley Hall,Female,41,United States,Columbus
E04308,Kai Flores,Male,35,United States,Seattle
E04323,Melody Valdez,Female,28,United States,Miami
E04332,Luke Martin,Male,25,United States,Miami
E04335,Parker Allen,Male,31,United States,Miami
E04342,Samantha Barnes,Female,29,United States,Columbus
E04345,Eliana Grant,Female,64,United States,Chicago
E04348,Natalia Owens,Female,31,United States,Austin
E04354,Raelynn Rios,Female,43,United States,Columbus
E04358,Grayson Soto,Male,34,United States,Columbus
E04359,Greyson Lam,Male,25,United States,Miami
E04363,Savannah Singh,Female,53,United States,Seattle
E04369,Santiago f Gray,Male,27,United States,Chicago
E04378,Ezra Simmons,Male,31,United States,Austin
E04379,Scarlett Rodriguez,Female,60,Brazil,Manaus
E04380,Naomi Washington,Female,51,United States,Austin
E04386,Cameron Powell,Male,41,United States,Austin
E04387,Everleigh White,Female,59,United States,Phoenix
E04398,Oliver Yang,Male,31,United States,Miami
E04403,Dominic Hu,Male,34,China,Shanghai
E04413,Andrew Thomas,Male,36,United States,Columbus
E04415,Penelope Fong,Female,60,China,Chongqing
E04417,Chloe Salazar,Female,45,United States,Seattle
E04419,Sophia Ahmed,Female,30,United States,Seattle
E04444,Brooklyn Ruiz,Female,61,United States,Phoenix
E04448,Adrian Ruiz,Male,34,Brazil,Sao Paulo
E04449,Miles Hsu,Male,55,China,Chengdu
E04458,Alexander Bryant,Male,30,United States,Seattle
E04464,Cooper Yoon,Male,60,United States,Austin
E04466,Connor Bell,Male,54,United States,Austin
E04472,Alexander Foster,Male,35,United States,Columbus
E04474,Mila Hong,Female,30,China,Chongqing
E04477,Connor Grant,Male,27,United States,Seattle
E04484,Vivian Thao,Female,45,United States,Chicago
E04487,Audrey Hwang,Female,45,China,Beijing
E04491,Nathan Chan,Male,45,United States,Seattle
E04504,Jameson Alvarado,Male,47,Brazil,Sao Paulo
E04517,Amelia Choi,Female,43,United States,Miami
E04529,Gabriel Yu,Male,42,China,Chongqing
E04533,Easton Bailey,Male,29,United States,Austin
E04535,Charlotte Vo,Female,57,United States,Seattle
E04536,Layla Scott,Female,48,United States,Phoenix
E04538,Adeline Yang,Female,53,China,Chongqing
E04542,Camila Cortez,Female,29,United States,Phoenix
E04545,Abigail Mejia,Female,56,Brazil,Rio de Janerio
E04546,Jade Hunter,Female,42,United States,Columbus
E04547,Avery Grant,Female,49,United States,Chicago
E04562,Xavier Zheng,Male,31,United States,Austin
E04564,Luke Sanchez,Male,41,Brazil,Sao Paulo
E04567,Madeline Hoang,Female,28,China,Chengdu
E04568,Rylee Yu,Female,54,China,Beijing
E04571,Hadley Contreras,Female,60,United States,Austin
E04572,Jade Li,Female,47,United States,Seattle
E04590,Isaac Sanders,Male,49,United States,Miami
E04598,Violet Garcia,Female,35,United States,Austin
E04600,William Vu,Male,37,China,Shanghai
E04601,Allison Ayala,Female,36,United States,Austin
E04607,Landon Brown,Male,26,United States,Columbus
E04618,Mason Zhao,Male,46,China,Chongqing
E04625,Adam Dang,Male,45,China,Chongqing
E04630,Maria Griffin,Female,59,United States,Miami
E04636,Hailey Yee,Female,54,China,Chongqing
E04637,Samuel Song,Male,31,United States,Columbus
E04639,Luna Taylor,Female,47,United States,Seattle
E04641,Scarlett Hill,Female,45,United States,Columbus
E04645,Elias Ahmed,Male,57,United States,Chicago
E04662,Julia Morris,Female,60,United States,Phoenix
E04670,Angel Do,Male,34,China,Beijing
E04682,Colton Thao,Male,55,China,Chongqing
E04683,Ezekiel Delgado,Male,40,Brazil,Manaus
E04697,Eleanor Williams,Female,61,United States,Chicago
E04699,Ivy Tang,Female,48,China,Shanghai
E04720,Christopher Chung,Male,28,United States,Phoenix
E04729,Ezekiel Fong,Male,56,China,Shanghai
E04732,Eva Rivera,Female,36,United States,Miami
E04735,Nova Coleman,Female,44,United States,Miami
E04739,Ruby Washington,Female,65,United States,Seattle
E04742,Kinsley Vega,Female,33,Brazil,Rio de Janerio
E04749,Caroline Phan,Female,41,United States,Austin
E04751,Grayson James,Male,54,United States,Seattle
E04756,Aiden Le,Male,55,United States,Austin
E04762,Audrey Richardson,Female,46,United States,Chicago
E04766,Lyla Yoon,Female,38,United States,Austin
E04769,Mila Leung,Female,39,China,Beijing
E04779,Cameron Young,Male,63,United States,Seattle
E04784,Joshua Lin,Male,37,China,Beijing
E04795,Eloise Alexander,Female,28,United States,Seattle
E04798,Aurora Ali,Female,30,United States,Seattle
E04799,Mila Roberts,Female,30,United States,Phoenix
E04800,Eli Han,Male,40,China,Chengdu
E04802,Lucy Fong,Female,40,China,Chengdu
E04811,Athena Vasquez,Female,59,Brazil,Rio de Janerio
E04816,Jace Zhang,Male,31,China,Chengdu
E04817,Zoe Sanchez,Female,53,Brazil,Sao Paulo
E04853,Vivian Chu,Female,46,China,Shanghai
E04871,Liam Grant,Male,30,United States,Phoenix
E04872,Isaac Stewart,Male,25,United States,Miami
E04877,Samuel Vega,Male,37,United States,Miami
E04887,Emery Do,Female,40,United States,Columbus
E04888,Elijah Henry,Male,32,United States,Miami
E04890,Eleanor Chan,Female,49,China,Shanghai
E04903,Skylar Liu,Female,29,China,Chengdu
E04917,Everleigh Washington,Female,64,United States,Phoenix
E04920,Nevaeh Hsu,Female,32,United States,Phoenix
E04925,Athena Jordan,Female,42,United States,Seattle
E04926,Emma Luna,Female,52,Brazil,Manaus
E04927,Ezekiel Bryant,Male,55,United States,Miami
E04931,Zoe Romero,Female,32,Brazil,Sao Paulo
E04937,Ian Ngo,Male,52,United States,Phoenix
E04938,Brooklyn Daniels,Female,64,United States,Miami
E04940,Hudson Williams,Male,36,United States,Austin
E04952,Paisley Gomez,Female,57,Brazil,Rio de Janerio
E04959,Noah King,Male,56,United States,Miami
E04962,Elena Tan,Female,50,China,Chongqing
E04969,Abigail Vang,Female,40,China,Chengdu
E04972,Logan Bryant,Male,30,United States,Miami
E04978,Peyton Harris,Female,45,United States,Miami
E04994,Bella Holmes,Female,35,United States,Miami
R00005,Riley Washington,Female,39,United States,Phoenix
R00013,Elena Vang,Female,52,China,Beijing
R00022,Elena Her,Female,62,China,Chongqing
R00023,Gabriel Joseph,Male,52,United States,Miami
R00034,Caroline Herrera,Female,45,Brazil,Rio de Janerio
R00035,Lillian Gonzales,Female,43,Brazil,Manaus
R00044,Scarlett Jenkins,Female,53,United States,Miami
R00078,Eva Garcia,Female,31,Brazil,Manaus
R00085,Isla Wong,Female,56,United States,Austin
R00089,Sofia Yoon,Female,37,China,Shanghai
R00091,Emilia Chu,Female,48,United States,Austin
R00096,Peyton Cruz,Female,30,Brazil,Sao Paulo
R00099,Brooklyn Salazar,Female,44,United States,Austin
R00102,Riley Rojas,Female,36,Brazil,Rio de Janerio
R00103,Nora Park,Female,29,United States,Columbus
R00105,Isla Espinoza,Female,38,Brazil,Manaus
R00116,Madelyn Mehta,Female,64,United States,Phoenix
R00119,Jack Maldonado,Male,31,Brazil,Sao Paulo
R00126,Isabella Scott,Female,58,United States,Phoenix
R00128,Everleigh Espinoza,Female,54,United States,Austin
R00130,Paisley Kang,Female,61,China,Beijing
R00144,Theodore Ngo,Male,55,China,Beijing
R00145,Alexander Rivera,Male,58,Brazil,Manaus
R00153,Claire Jones,Female,39,United States,Seattle
R00154,Wyatt Chin,Male,43,United States,Seattle
R00156,Madelyn Scott,Female,46,United States,Phoenix
R00161,Ryan Ha,Male,60,United States,Miami
R00163,Bella Powell,Female,65,United States,Phoenix
R00170,Hannah Nelson,Female,35,United States,Austin
R00178,Harper Alexander,Female,26,United States,Phoenix
R00181,Genesis Hu,Female,46,China,Beijing
R00184,Kayden Ortega,Male,58,Brazil,Rio de Janerio
R00187,Miles Mehta,Male,64,United States,Miami
R00203,Julia Doan,Female,53,United States,Columbus
R00206,Theodore Xi,Male,52,China,Shanghai
R00207,Hailey Lai,Female,52,China,Chengdu
R00218,David Desai,Male,47,United States,Austin
R00225,Angel Delgado,Male,31,United States,Seattle
R00233,Brooklyn Reyes,Female,36,United States,Columbus
R00245,Benjamin Delgado,Male,64,United States,Austin
R00254,Samuel Morales,Male,34,United States,Phoenix
R00265,Mila Vasquez,Female,60,United States,Columbus
R00268,Ian Flores,Male,48,Brazil,Rio de Janerio
R00273,David Owens,Male,43,United States,Austin
R00276,Ezekiel Jordan,Male,33,United States,Columbus
R00282,Jeremiah Castillo,Male,58,United States,Columbus
R00287,Luca Nelson,Male,60,United States,Miami
R00304,Dylan Choi,Male,63,China,Beijing
R00306,Mateo Williams,Male,40,United States,Austin
R00311,Scarlett Figueroa,Female,34,United States,Miami
R00319,Ezra Wilson,Male,55,United States,Miami
R00324,Hailey Song,Female,37,China,Chongqing
R00325,Jameson Chen,Male,39,China,Shanghai
R00340,Eliana Allen,Female,56,United States,Phoenix
R00342,Wesley Doan,Male,63,China,Shanghai
R00344,Savannah He,Female,52,China,Beijing
R00359,Logan Carrillo,Male,33,United States,Miami
R00360,Dylan Thao,Male,53,United States,Seattle
R00364,Matthew Howard,Male,50,United States,Columbus
R00365,Jonathan Patel,Male,28,China,Shanghai
R00369,Genesis Woods,Female,33,United States,Columbus
R00371,Melody Grant,Female,41,United States,Seattle
R00380,Alice Thompson,Female,48,United States,Seattle
R00386,Parker James,Male,45,United States,Austin
R00399,Connor Walker,Male,30,United States,Columbus
R00401,Wesley Adams,Male,48,United States,Seattle
R00402,Dominic Guzman,Male,65,Brazil,Manaus
R00403,Liliana Soto,Female,58,United States,Austin
R00412,Ezra Banks,Male,37,United States,Chicago
R00415,Leilani Butler,Female,27,United States,Phoenix
R00416,Everleigh Fernandez,Female,30,Brazil,Manaus
R00417,Athena Carrillo,Female,39,United States,Columbus
R00422,Jade Acosta,Female,47,United States,Seattle
R00431,Eliza Hernandez,Female,48,Brazil,Rio de Janerio
R00432,Eli Gupta,Male,37,China,Beijing
R00436,Everly Walker,Female,41,United States,Seattle
R00440,Jack Huynh,Male,27,China,Chongqing
R00443,Nolan Bui,Male,28,China,Shanghai
R00446,Hudson Hill,Male,30,United States,Austin
R00447,Hailey Sanchez,Female,32,Brazil,Manaus
R00459,Jackson Jordan,Male,48,United States,Phoenix
R00465,Dominic Parker,Male,62,United States,Seattle
R00467,Sofia Dinh,Female,55,United States,Chicago
R00480,Hadley Yee,Female,31,United States,Seattle
R00481,Jameson Nelson,Male,61,United States,Columbus
R00488,Emery Hunter,Female,28,United States,Phoenix
R00494,Robert Alvarez,Male,39,Brazil,Manaus
R00500,Henry Shah,Male,55,China,Chengdu
R00501,Melody Ho,Female,55,United States,Columbus
R00502,Natalia Salazar,Female,44,Brazil,Manaus
R00503,Leah Patterson,Female,33,United States,Austin
R00508,Thomas Jung,Male,50,China,Shanghai
R00515,Joseph Vazquez,Male,40,United States,Miami
R00518,Lydia Morales,Female,51,Brazil,Manaus
R00521,Lily Carter,Female,54,United States,Phoenix
R00523,Daniel Jordan,Male,58,United States,Phoenix
R00527,Mateo Chu,Male,27,China,Chengdu
R00530,Eli Jones,Male,59,United States,Austin
R00535,Nathan Mendez,Male,53,United States,Austin
R00538,Caleb Xiong,Male,38,United States,Chicago
R00549,Isabella Xi,Female,41,United States,Seattle
R00553,Isla Yoon,Female,50,United States,Austin
R00555,Christian Ali,Male,65,China,Chongqing
R00556,Grayson Walker,Male,29,United States,Seattle
R00559,Penelope Silva,Female,36,United States,Columbus
R00568,Ava Garza,Female,27,United States,Phoenix
R00577,Nora Nunez,Female,45,Brazil,Sao Paulo
R00586,Sadie Washington,Female,29,United States,Phoenix
R00591,Savannah Ali,Female,36,United States,Miami
R00592,Josephine Richardson,Female,57,United States,Austin
R00593,Luke Wilson,Male,34,United States,Miami
R00595,Everly Chow,Female,33,China,Beijing
R00605,Nova Williams,Female,61,United States,Miami
R00607,Jameson Allen,Male,32,United States,Seattle
R00608,Anna Han,Female,29,United States,Chicago
R00624,William Watson,Male,41,United States,Miami
R00626,Luna Simmons,Female,28,United States,Chicago
R00632,Angel Chang,Male,37,China,Shanghai
R00634,Samantha Chavez,Female,53,Brazil,Manaus
R00638,David Simmons,Male,51,United States,Phoenix
R00639,Benjamin Mai,Male,54,United States,Phoenix
R00640,Paisley Bryant,Female,37,United States,Chicago
R00644,Joshua Gupta,Male,57,China,Chongqing
R00646,Charles Moore,Male,49,United States,Seattle
R00647,Dylan Ali,Male,27,United States,Phoenix
R00650,Emery Chang,Female,45,China,Chengdu
R00665,David Chu,Male,55,United States,Seattle
R00667,Skylar Shah,Female,42,United States,Phoenix
R00671,Leonardo Dixon,Male,37,United States,Seattle
R00672,Mila Pena,Female,45,Brazil,Manaus
R00676,Isaac Yoon,Male,41,United States,Chicago
R00682,Sofia Fernandez,Female,44,United States,Phoenix
R00691,Ezekiel Desai,Male,42,United States,Seattle
R00697,Jonathan Chavez,Male,29,United States,Seattle
R00699,Ava Ayala,Female,55,Brazil,Manaus
R00701,Madeline Garcia,Female,45,Brazil,Rio de Janerio
R00702,Nathan Pham,Male,45,United States,Seattle
R00703,Wesley Dominguez,Male,45,United States,Chicago
R00711,Melody Chin,Female,43,United States,Chicago
R00715,Elijah Kang,Male,35,United States,Seattle
R00716,John Chow,Male,45,China,Chengdu
R00717,Kennedy Vargas,Female,45,Brazil,Manaus
R00725,Nova Herrera,Female,45,Brazil,Sao Paulo
R00742,Cooper Mitchell,Male,43,United States,Seattle
R00747,Leilani Baker,Female,59,United States,Seattle
R00749,Valentina Moua,Female,37,United States,Columbus
R00752,Luna Liu,Female,36,China,Shanghai
R00758,Jonathan Khan,Male,35,China,Shanghai
R00769,Jose Kang,Male,57,China,Shanghai
R00784,Ella Nguyen,Female,60,China,Chongqing
R00785,Hannah Hoang,Female,25,China,Chengdu
R00788,Emily Contreras,Female,56,Brazil,Sao Paulo
R00791,Thomas Padilla,Male,57,Brazil,Sao Paulo
R00810,Hunter Nunez,Male,62,United States,Seattle
R00813,Autumn Joseph,Female,39,United States,Miami
R00816,Skylar Watson,Female,28,United States,Phoenix
R00824,Everleigh Adams,Female,33,United States,Chicago
R00825,Anna Molina,Female,41,United States,Columbus
R00826,Rylee Bui,Female,55,China,Chongqing
R00834,Vivian Guzman,Female,53,United States,Phoenix
R00836,Addison Roberts,Female,65,United States,Seattle
R00842,John Vega,Male,50,Brazil,Rio de Janerio
R00862,Levi Moreno,Male,64,Brazil,Manaus
R00863,Lincoln Ramos,Male,59,United States,Austin
R00864,Samantha Aguilar,Female,46,United States,Seattle
R00869,Nova Lin,Female,33,United States,Columbus
R00870,Evelyn Liang,Female,40,United States,Seattle
R00874,Alexander Choi,Male,55,United States,Chicago
R00880,Grace Carter,Female,25,United States,Austin
R00884,Camila Silva,Female,64,United States,Seattle
R00900,Eleanor Delgado,Female,33,Brazil,Sao Paulo
R00917,Skylar Bell,Female,30,United States,Columbus
R00929,Allison Espinoza,Female,45,United States,Miami
R00935,Joseph Martin,Male,41,United States,Miami
R00941,Sophie Ali,Female,55,United States,Columbus
R00943,Elena Mendoza,Female,27,Brazil,Sao Paulo
R00951,Everly Lin,Female,25,China,Chongqing
R00952,Jaxon Powell,Male,59,United States,Austin
R00955,Theodore Marquez,Male,54,Brazil,Sao Paulo
R00956,Eleanor Chau,Female,37,United States,Phoenix
R00957,Genesis Perry,Female,46,United States,Columbus
R00965,Jacob Khan,Male,53,China,Shanghai
R00972,Amelia Salazar,Female,26,Brazil,Sao Paulo
R00976,Zoe Rodriguez,Female,65,United States,Phoenix
R00981,Miles Thao,Male,57,United States,Columbus
R00994,Charlotte Baker,Female,29,United States,Austin
R01002,Elias Ali,Male,28,China,Shanghai
R01006,Autumn Leung,Female,25,United States,Chicago
R01014,Lucas Phan,Male,49,China,Chongqing
R01019,Dominic Scott,Male,45,United States,Phoenix
R01037,Jeremiah Chu,Male,31,China,Shanghai
R01052,Jaxson Dinh,Male,45,China,Shanghai
R01064,Clara Kang,Female,39,United States,Phoenix
R01070,Leonardo Martin,Male,51,United States,Chicago
R01075,Joshua Juarez,Male,46,Brazil,Sao Paulo
R01076,Sofia Vu,Female,52,United States,Austin
R01089,Nicholas Brooks,Male,43,United States,Phoenix
R01090,Jacob Cheng,Male,59,United States,Miami
R01091,Carter Reed,Male,40,United States,Seattle
R01095,Isla Lai,Female,37,China,Shanghai
R01103,Lyla Alvarez,Female,55,United States,Phoenix
R01108,Hannah Martinez,Female,65,United States,Miami
R01111,Santiago f Moua,Male,45,United States,Chicago
R01116,Jaxon Tran,Male,45,China,Shanghai
R01118,Roman Yang,Male,42,United States,Phoenix
R01123,Madison Nelson,Female,27,United States,Miami
R01125,Joshua Yang,Male,34,China,Shanghai
R01132,Aiden Bryant,Male,47,United States,Columbus
R01141,Gianna Williams,Female,27,United States,Chicago
R01148,Scarlett Kumar,Female,55,United States,Columbus
R01150,Allison Leung,Female,62,United States,Austin
R01167,Kinsley Collins,Female,28,United States,Phoenix
R01188,Alexander James,Male,42,United States,Columbus
R01193,Raelynn Lu,Female,27,China,Chongqing
R01194,Samantha Adams,Female,45,United States,Seattle
R01209,Jayden Williams,Male,64,United States,Columbus
R01221,Eva Figueroa,Female,48,United States,Seattle
R01225,Christian Fong,Male,49,China,Beijing
R01232,Samantha Foster,Female,34,United States,Austin
R01234,Jack Cheng,Male,42,China,Beijing
R01238,Eloise Griffin,Female,55,United States,Austin
R01241,Hadley Guerrero,Female,49,Brazil,Sao Paulo
R01242,Emery Doan,Female,25,China,Shanghai
R01249,Penelope Guerrero,Female,43,United States,Seattle
R01258,Gabriel Brooks,Male,29,United States,Miami
R01261,Connor Simmons,Male,55,United States,Miami
R01262,Miles Mehta,Male,50,China,Chongqing
R01263,Adam Espinoza,Male,36,United States,Seattle
R01264,Hazel Alvarez,Female,62,Brazil,Sao Paulo
R01268,Charlotte Wu,Female,63,China,Shanghai
R01271,Luke Munoz,Male,64,Brazil,Manaus
R01281,Isaac Mitchell,Male,46,United States,Austin
R01286,Mateo Mendez,Male,47,United States,Austin
R01291,Thomas Aguilar,Male,45,United States,Phoenix
R01300,Sadie Lee,Female,65,China,Chengdu
R01309,Everleigh Jiang,Female,58,United States,Columbus
R01337,Andrew Coleman,Male,41,United States,Miami
R01338,Jaxson Coleman,Male,32,United States,Miami
R01339,Jeremiah Hernandez,Male,26,United States,Columbus
R01347,Aiden Gonzales,Male,44,Brazil,Sao Paulo
R01350,Natalie Carter,Female,64,United States,Austin
R01351,Leo Owens,Male,47,United States,Seattle
R01357,Paisley Hunter,Female,61,United States,Chicago
R01361,Emma Hill,Female,54,United States,Miami
R01363,Ayla Daniels,Female,53,United States,Miami
R01366,William Walker,Male,40,United States,Columbus
R01371,Dominic Le,Male,41,China,Chongqing
R01377,Grayson Luu,Male,55,China,Shanghai
R01378,Genesis Xiong,Female,51,United States,Columbus
R01387,Cora Zheng,Female,27,China,Chengdu
R01388,Ivy Soto,Female,50,United States,Austin
R01396,Jack Vu,Male,43,China,Chengdu
R01403,Xavier Park,Male,40,China,Chengdu
R01407,Ellie Guerrero,Female,29,Brazil,Manaus
R01409,Jose Molina,Male,40,Brazil,Manaus
R01412,Eva Jenkins,Female,55,United States,Chicago
R01413,Caroline Nelson,Female,60,United States,Columbus
R01415,Henry Green,Male,32,United States,Phoenix
R01416,Hudson Thompson,Male,30,United States,Phoenix
R01417,Leah Pena,Female,57,Brazil,Manaus
R01422,Lydia Espinoza,Female,29,Brazil,Sao Paulo
R01423,James Castillo,Male,51,Brazil,Manaus
R01425,Anthony Rogers,Male,33,United States,Columbus
R01427,Mia Cheng,Female,34,United States,Phoenix
R01429,Dylan Wilson,Male,48,United States,Seattle
R01432,Peyton Garza,Female,53,Brazil,Manaus
R01465,Hannah White,Female,62,United States,Phoenix
R01466,Connor Vang,Male,25,United States,Miami
R01479,Serenity Bailey,Female,55,United States,Chicago
R01484,Anna Zhu,Female,48,China,Beijing
R01486,Mason Cho,Male,59,United States,Chicago
R01488,Penelope Griffin,Female,61,United States,Seattle
R01496,Ava Ortiz,Female,53,United States,Columbus
R01499,Jade Rojas,Female,37,United States,Phoenix
R01501,Hudson Liu,Male,34,United States,Miami
R01508,Penelope Rodriguez,Female,49,Brazil,Rio de Janerio
R01516,Willow Mai,Female,45,China,Chengdu
R01519,Anthony Marquez,Male,54,United States,Columbus
R01524,Ian Miller,Male,31,United States,Austin
R01525,Jose Ross,Male,53,United States,Miami
R01533,Avery Bailey,Female,49,United States,Phoenix
R01540,Miles Salazar,Male,36,Brazil,Sao Paulo
R01546,Maria Hong,Female,43,China,Chongqing
R01550,Ruby Barnes,Female,27,United States,Phoenix
R01578,Anthony Hong,Male,37,United States,Columbus
R01582,Elijah Coleman,Male,53,United States,Miami
R01584,Carter Mejia,Male,29,Brazil,Sao Paulo
R01591,Paisley Trinh,Female,57,United States,Austin
R01611,Gabriella Zhu,Female,36,China,Chongqing
R01628,Jackson Perry,Male,27,United States,Phoenix
R01631,Leilani Yee,Female,47,China,Chengdu
R01633,Addison Do,Female,46,United States,Columbus
R01636,Naomi Coleman,Female,29,United States,Phoenix
R01638,Maria He,Female,45,China,Beijing
R01639,Austin Vo,Male,55,United States,Phoenix
R01642,Mia Lam,Female,49,United States,Austin
R01649,Eva Alvarado,Female,46,Brazil,Sao Paulo
R01652,Avery Dominguez,Female,27,Brazil,Rio de Janerio
R01668,Naomi Xi,Female,53,China,Chongqing
R01684,Jaxson Liang,Male,64,United States,Phoenix
R01687,Luke Mai,Male,41,China,Beijing
R01706,Avery Sun,Female,45,China,Chongqing
R01711,Benjamin Ford,Male,31,United States,Phoenix
R01712,James Singh,Male,45,China,Chongqing
R01713,Nolan Guzman,Male,46,Brazil,Sao Paulo
R01714,Savannah Park,Female,44,United States,Seattle
R01722,Asher Huynh,Male,45,United States,Phoenix
R01724,Nolan Molina,Male,36,Brazil,Manaus
R01733,Eloise Pham,Female,45,China,Shanghai
R01749,Nathan Lee,Male,29,United States,Columbus
R01753,Connor Fong,Male,40,United States,Seattle
R01754,Owen Lam,Male,30,China,Chengdu
R01755,Audrey Patel,Female,37,China,Shanghai
R01760,Madeline Acosta,Female,26,Brazil,Sao Paulo
R01762,Maya Ngo,Female,55,United States,Columbus
R01787,Lillian Romero,Female,27,United States,Austin
R01789,Charles Luu,Male,25,China,Shanghai
R01797,Piper Lewis,Female,33,United States,Chicago
R01807,Cameron Evans,Male,50,United States,Columbus
R01820,Nathan Miller,Male,27,United States,Miami
R01832,Ezra Singh,Male,56,United States,Austin
R01834,Chloe Allen,Female,64,United States,Seattle
R01839,Stella Alexander,Female,52,United States,Chicago
R01844,Jayden Kang,Male,46,United States,Seattle
R01845,Leo Fernandez,Male,54,Brazil,Sao Paulo
R01848,Zoey Jackson,Female,46,United States,Miami
R01860,Jack Edwards,Male,38,United States,Columbus
R01870,Carson Chau,Male,58,China,Chongqing
R01877,Abigail Garza,Female,33,United States,Seattle
R01883,Isla Guzman,Female,28,Brazil,Rio de Janerio
R01895,Gabriel Zhou,Male,25,China,Chongqing
R01896,Adam Nelson,Male,25,United States,Chicago
R01898,Oliver Moua,Male,29,United States,Seattle
R01899,Xavier Jackson,Male,52,United States,Miami
R01902,Eleanor Li,Female,64,United States,Chicago
R01909,Lillian Khan,Female,44,China,Chengdu
R01921,Sarah Daniels,Female,55,United States,Miami
R01924,Anna Gutierrez,Female,59,Brazil,Sao Paulo
R01927,Charles Moore,Male,34,United States,Miami
R01941,Quinn Trinh,Female,42,China,Beijing
R01943,Vivian Espinoza,Female,52,Brazil,Rio de Janerio
R01947,Sophie Owens,Female,30,United States,Seattle
R01952,Everett Lee,Male,45,United States,Columbus
R01958,Angel Lin,Male,27,United States,Chicago
R01966,Thomas Williams,Male,45,United States,Columbus
R01967,John Dang,Male,58,China,Chongqing
R01970,Vivian Barnes,Female,51,United States,Phoenix
R01977,Raelynn Gupta,Female,48,China,Chongqing
R01981,Genesis Banks,Female,63,United States,Chicago
R01985,Eliana Turner,Female,65,United States,Austin
R01986,Wesley Sharma,Male,51,China,Shanghai
R01994,Angel Powell,Male,61,United States,Seattle
R01995,Jonathan Ho,Male,37,United States,Columbus
R02005,Isabella Bui,Female,36,United States,Miami
R02012,Anna Han,Female,65,United States,Austin
R02017,Connor Joseph,Male,50,United States,Chicago
R02023,Maverick Mehta,Male,40,United States,Seattle
R02024,Amelia Bell,Female,53,United States,Seattle
R02031,Melody Cooper,Female,44,United States,Austin
R02033,Grace Sun,Female,25,China,Shanghai
R02035,Eli Rahman,Male,45,China,Chengdu
R02038,Ellie Chung,Female,59,China,Chongqing
R02044,Caroline Alexander,Female,42,United States,Columbus
R02047,Xavier Perez,Male,51,Brazil,Rio de Janerio
R02059,Roman Munoz,Male,54,United States,Austin
R02062,Nora Santiago,Female,55,Brazil,Rio de Janerio
R02063,Ian Gutierrez,Male,32,Brazil,Rio de Janerio
R02066,Grayson Yee,Male,48,China,Beijing
R02071,Mateo Her,Male,44,China,Chongqing
R02072,Charles Robinson,Male,26,United States,Seattle
R02074,Nora Brown,Female,32,United States,Austin
R02088,Skylar Ayala,Female,55,United States,Phoenix
R02094,Matthew Gupta,Male,45,China,Beijing
R02103,Andrew Ma,Male,31,China,Chongqing
R02108,Madeline Coleman,Female,51,United States,Chicago
R02112,Christian Sanders,Male,45,United States,Seattle
R02121,Levi Brown,Male,36,United States,Chicago
R02135,John Delgado,Male,30,United States,Austin
R02139,Rylee Yu,Female,36,United States,Seattle
R02140,Naomi Zhao,Female,45,United States,Miami
R02147,Allison Medina,Female,55,Brazil,Sao Paulo
R02148,Christopher Vega,Male,54,United States,Chicago
R02153,Peyton Vasquez,Female,26,United States,Phoenix
R02166,John Soto,Male,60,United States,Phoenix
R02179,Peyton Owens,Female,48,United States,Chicago
R02183,Sarah Ayala,Female,47,United States,Seattle
R02185,Wyatt Rojas,Male,32,United States,Austin
R02189,Isla Chavez,Female,29,Brazil,Rio de Janerio
R02190,Gabriel Carter,Male,57,United States,Columbus
R02191,Maria Sun,Female,25,China,Chengdu
R02192,Lucy Avila,Female,43,Brazil,Sao Paulo
R02193,Josephine Acosta,Female,40,Brazil,Manaus
R02202,Emilia Bailey,Female,41,United States,Austin
R02206,Jose Henderson,Male,41,United States,Columbus
R02216,Caleb Marquez,Male,29,Brazil,Rio de Janerio
R02217,William Phillips,Male,61,United States,Austin
R02221,Julian Delgado,Male,29,Brazil,Rio de Janerio
R02227,Sofia Parker,Female,36,United States,Chicago
R02235,Riley Ramirez,Female,52,United States,Chicago
R02249,Allison Daniels,Female,37,United States,Phoenix
R02252,Lillian Park,Female,40,China,Chengdu
R02254,Jaxson Sandoval,Male,61,Brazil,Sao Paulo
R02258,Eliza Chen,Female,36,United States,Austin
R02259,Emily Lau,Female,35,United States,Phoenix
R02274,Isabella Bailey,Female,36,United States,Phoenix
R02276,Hazel Griffin,Female,32,United States,Phoenix
R02283,Jaxon Park,Male,33,China,Chengdu
R02284,Josephine Salazar,Female,36,Brazil,Sao Paulo
R02285,Aria Xi,Female,45,United States,Seattle
R02295,Axel Jordan,Male,47,United States,Chicago
R02298,Emily Doan,Female,32,United States,Phoenix
R02307,Skylar Evans,Female,42,United States,Austin
R02310,Jordan Phillips,Male,45,United States,Columbus
R02313,Jeremiah Lu,Male,50,China,Shanghai
R02331,Sophia Huynh,Female,55,United States,Miami
R02333,Jaxson Wright,Male,54,United States,Columbus
R02337,Emma Cao,Female,27,China,Chongqing
R02363,Eliza Liang,Female,36,China,Beijing
R02375,Lincoln Huynh,Male,63,United States,Austin
R02378,Audrey Smith,Female,58,United States,Columbus
R02387,Emily Davis,Female,55,United States,Seattle
R02391,Natalia Santos,Female,45,Brazil,Sao Paulo
R02415,Penelope Gonzalez,Female,52,United States,Phoenix
R02417,Alice Young,Female,46,United States,Chicago
R02420,Madison Li,Female,35,China,Beijing
R02421,Jordan Truong,Male,45,United States,Miami
R02427,Addison Mehta,Female,27,United States,Columbus
R02428,Connor Luu,Male,35,China,Chengdu
R02440,Grayson Turner,Male,54,United States,Chicago
R02453,Dylan Kumar,Male,55,China,Chongqing
R02464,Sophie Silva,Female,28,Brazil,Rio de Janerio
R02468,Ella Huang,Female,45,United States,Chicago
R02473,Leonardo Lo,Male,29,China,Chongqing
R02477,Amelia Bui,Female,46,China,Chengdu
R02478,Alexander Morris,Male,33,United States,Phoenix
R02489,Ethan Clark,Male,33,United States,Columbus
R02492,Sebastian Gupta,Male,40,China,Chongqing
R02521,Lily Nguyen,Female,33,China,Chengdu
R02522,Silas Rivera,Male,48,United States,Chicago
R02531,Jameson Foster,Male,28,United States,Columbus
R02534,Victoria Johnson,Female,55,United States,Columbus
R02535,Caroline Perez,Female,29,Brazil,Sao Paulo
R02554,Joshua Ramirez,Male,44,Brazil,Sao Paulo
R02555,Landon Lopez,Male,38,Brazil,Sao Paulo
R02558,Jose Richardson,Male,26,United States,Miami
R02561,Samantha Vargas,Female,53,Brazil,Sao Paulo
R02562,Christian Medina,Male,51,United States,Columbus
R02563,Emily Clark,Female,36,United States,Miami
R02572,Luna Sanders,Female,50,United States,Chicago
R02576,Gianna Ha,Female,55,China,Chongqing
R02594,Ezekiel Kumar,Male,28,United States,Columbus
R02599,Daniel Huang,Male,31,United States,Columbus
R02604,Brooklyn Collins,Female,59,United States,Austin
R02613,John Jung,Male,63,China,Shanghai
R02627,Parker Avila,Male,47,Brazil,Manaus
R02628,Nora Nelson,Female,41,United States,Columbus
R02632,Alice Soto,Female,56,Brazil,Manaus
R02633,Allison Roberts,Female,54,United States,Columbus
R02639,Hadley Parker,Female,30,United States,Columbus
R02642,Sebastian Rogers,Male,38,United States,Miami
R02649,Charles Gonzalez,Male,27,Brazil,Rio de Janerio
R02652,Nathan Sun,Male,63,China,Shanghai
R02661,Maya Chan,Female,37,China,Beijing
R02665,Bella Butler,Female,33,United States,Seattle
R02678,Nicholas Rivera,Male,45,Brazil,Sao Paulo
R02681,Caroline Owens,Female,26,United States,Phoenix
R02684,Aaron Maldonado,Male,39,United States,Seattle
R02687,Caroline Nelson,Female,36,United States,Chicago
R02693,Grace Campos,Female,37,Brazil,Manaus
R02696,Ryan Lu,Male,25,United States,Columbus
R02703,Austin Vang,Male,49,China,Beijing
R02706,Nevaeh Kang,Female,46,China,Chengdu
R02710,Silas Huang,Male,57,United States,Miami
R02716,Dominic Dinh,Male,45,United States,Chicago
R02720,Jaxon Fong,Male,59,China,Beijing
R02728,Thomas Chang,Male,34,China,Beijing
R02730,Axel Soto,Male,46,Brazil,Rio de Janerio
R02732,Alice Tran,Female,39,United States,Seattle
R02744,Dylan Padilla,Male,31,United States,Seattle
R02747,Kinsley Acosta,Female,32,United States,Chicago
R02748,Genesis Zhu,Female,34,United States,Seattle
R02761,Luca Duong,Male,48,China,Chengdu
R02769,Eliza Adams,Female,26,United States,Chicago
R02770,Liliana Do,Female,30,China,Chengdu
R02781,Athena Vu,Female,63,United States,Miami
R02783,Levi Mendez,Male,39,Brazil,Rio de Janerio
R02791,Aubrey Romero,Female,49,United States,Phoenix
R02798,Charles Henderson,Male,48,United States,Austin
R02800,Eva Estrada,Female,45,Brazil,Sao Paulo
R02801,Santiago f Brooks,Male,51,United States,Phoenix
R02802,Matthew Chau,Male,53,United States,Seattle
R02803,Eli Soto,Male,38,Brazil,Rio de Janerio
R02810,Layla Torres,Female,37,Brazil,Rio de Janerio
R02813,Kai Chow,Male,45,United States,Austin
R02818,Aaron Garza,Male,39,United States,Columbus
R02825,Wyatt Li,Male,63,United States,Chicago
R02832,Penelope Jordan,Female,26,United States,Chicago
R02833,Adrian Fernandez,Male,45,United States,Columbus
R02838,Julia Pham,Female,65,China,Shanghai
R02843,Lily Pena,Female,55,United States,Miami
R02844,Charles Diaz,Male,55,Brazil,Sao Paulo
R02846,Julia Mai,Female,50,China,Shanghai
R02848,Emma Brooks,Female,30,United States,Austin
R02850,Evelyn Dinh,Female,41,United States,Columbus
R02855,Piper Cheng,Female,62,United States,Miami
R02856,Amelia Kaur,Female,30,United States,Columbus
R02857,Mason Jimenez,Male,44,United States,Austin
R02861,Daniel Perry,Male,62,United States,Columbus
R02862,Peyton Huang,Female,25,China,Beijing
R02872,Liam Jung,Male,39,China,Chengdu
R02875,Madeline Shin,Female,48,United States,Seattle
R02877,Mila Allen,Female,56,United States,Miami
R02881,Leilani Sharma,Female,43,China,Chengdu
R02884,Axel Johnson,Male,60,United States,Seattle
R02888,Elijah Ramos,Male,33,Brazil,Rio de Janerio
R02889,Mia Herrera,Female,43,Brazil,Manaus
R02895,Mila Soto,Female,65,Brazil,Manaus
R02899,Joshua Cortez,Male,44,Brazil,Manaus
R02900,Elena Richardson,Female,34,United States,Columbus
R02903,Robert Vazquez,Male,40,United States,Austin
R02907,Jose Singh,Male,44,United States,Columbus
R02914,Maria Wilson,Female,51,United States,Columbus
R02917,Everett Morales,Male,57,Brazil,Rio de Janerio
R02920,Willow Woods,Female,28,United States,Miami
R02923,Ethan Tang,Male,54,United States,Chicago
R02938,John Trinh,Male,49,China,Shanghai
R02939,Julian Fong,Male,61,China,Chongqing
R02942,Daniel Richardson,Male,30,United States,Austin
R02943,Bella Lopez,Female,32,United States,Chicago
R02944,Joshua Fong,Male,47,China,Beijing
R02960,Nova Hill,Female,56,United States,Chicago
R02965,Andrew Do,Male,43,United States,Seattle
R02966,William Foster,Male,58,United States,Phoenix
R02968,Caroline Santos,Female,25,Brazil,Sao Paulo
R02971,Mia Wu,Female,45,China,Beijing
R02977,Nicholas Song,Male,52,China,Chengdu
R02980,Hailey Shin,Female,57,China,Shanghai
R02984,Jack Mai,Male,45,China,Chengdu
R02987,Mateo Harris,Male,30,United States,Columbus
R02992,Paisley Sanders,Female,55,United States,Miami
R03000,Hailey Hong,Female,33,United States,Chicago
R03007,Isaac Joseph,Male,54,United States,Seattle
R03018,Autumn Reed,Female,37,United States,Miami
R03025,Lucy Alexander,Female,45,United States,Seattle
R03027,Elijah Watson,Male,29,United States,Seattle
R03042,Ava Nelson,Female,63,United States,Phoenix
R03045,Andrew Huynh,Male,57,United States,Miami
R03047,Gabriella Gupta,Female,41,China,Shanghai
R03055,Austin Rojas,Male,29,United States,Austin
R03058,Angel Xiong,Male,35,China,Shanghai
R03059,Hailey Dang,Female,64,China,Shanghai
R03061,Vivian Lewis,Female,65,United States,Columbus
R03064,Lincoln Fong,Male,31,China,Chongqing
R03065,Ezra Ortiz,Male,41,United States,Miami
R03081,Ayla Brown,Female,49,United States,Phoenix
R03090,Penelope Choi,Female,49,China,Beijing
R03094,Wesley Young,Male,33,United States,Columbus
R03096,Kennedy Zhang,Female,63,China,Chongqing
R03097,Brooks Stewart,Male,45,United States,Columbus
R03102,Cooper Valdez,Male,50,Brazil,Sao Paulo
R03106,Xavier Davis,Male,36,United States,Seattle
R03113,Willow Chen,Female,50,United States,Austin
R03114,Jameson Juarez,Male,62,United States,Miami
R03124,Caleb Nelson,Male,33,United States,Columbus
R03131,Ezekiel Reed,Male,37,United States,Miami
R03149,Layla Collins,Female,26,United States,Austin
R03159,Claire Romero,Female,37,Brazil,Manaus
R03160,Carter Ortiz,Male,54,Brazil,Sao Paulo
R03166,Austin Edwards,Male,42,United States,Chicago
R03167,Luke Zheng,Male,39,China,Beijing
R03168,Nora Le,Female,53,United States,Seattle
R03170,Autumn Thao,Female,63,United States,Phoenix
R03181,Greyson Dang,Male,60,China,Beijing
R03189,Asher Jackson,Male,50,United States,Columbus
R03220,Alexander Gonzales,Male,34,United States,Phoenix
R03223,Ethan Joseph,Male,45,United States,Columbus
R03226,Angel Stewart,Male,28,United States,Seattle
R03227,Eli Richardson,Male,38,United States,Seattle
R03240,Aiden Silva,Male,42,Brazil,Manaus
R03247,Caroline Jenkins,Female,27,United States,Chicago
R03248,Lyla Stewart,Female,43,United States,Austin
R03251,Ruby Medina,Female,50,United States,Seattle
R03252,James Bui,Male,64,China,Chongqing
R03255,Jose Brown,Male,43,United States,Seattle
R03262,Logan Mitchell,Male,65,United States,Columbus
R03268,Emilia Rivera,Female,42,United States,Miami
R03269,Charlotte Chu,Female,50,China,Chengdu
R03273,Daniel Shah,Male,41,China,Beijing
R03277,Caroline Hu,Female,31,China,Shanghai
R03278,Nevaeh James,Female,45,United States,Austin
R03289,Christopher Lam,Male,64,United States,Columbus
R03292,Cora Evans,Female,45,United States,Austin
R03296,Eloise Trinh,Female,39,United States,Miami
R03300,Maria Chin,Female,65,China,Beijing
R03305,Hannah King,Female,31,United States,Chicago
R03310,Dylan Campbell,Male,45,United States,Phoenix
R03325,Robert Edwards,Male,62,United States,Seattle
R03327,Julia Luong,Female,55,China,Chongqing
R03328,Lucy Johnson,Female,57,United States,Columbus
R03332,Ruby Sun,Female,50,China,Shanghai
R03343,Carson Lu,Male,64,China,Beijing
R03344,Camila Rogers,Female,27,United States,Seattle
R03347,Rylee Dinh,Female,35,China,Chongqing
R03349,Anna Mehta,Female,32,United States,Seattle
R03354,Silas Estrada,Male,49,Brazil,Rio de Janerio
R03359,Autumn Ortiz,Female,30,Brazil,Sao Paulo
R03362,Lily Henderson,Female,61,United States,Phoenix
R03364,Audrey Lee,Female,51,China,Chongqing
R03370,Ian Cortez,Male,61,Brazil,Rio de Janerio
R03371,Jack Alexander,Male,56,United States,Miami
R03379,Landon Kim,Male,50,United States,Phoenix
R03383,Lincoln Hall,Male,26,United States,Chicago
R03393,Henry Figueroa,Male,46,Brazil,Manaus
R03394,Joseph Ly,Male,40,China,Chongqing
R03402,Isaac Liu,Male,60,China,Chongqing
R03404,Everleigh Nunez,Female,42,Brazil,Manaus
R03412,Joshua Martin,Male,42,United States,Phoenix
R03417,Benjamin Moua,Male,40,China,Chongqing
R03419,Jade Yi,Female,47,China,Chongqing
R03423,Santiago f Gonzalez,Male,36,United States,Seattle
R03429,Ian Wu,Male,51,China,Chengdu
R03430,Leo Herrera,Male,48,Brazil,Manaus
R03438,Asher Morales,Male,52,Brazil,Sao Paulo
R03440,Genesis Navarro,Female,41,Brazil,Manaus
R03446,Julian Ross,Male,51,United States,Miami
R03455,Hadley Ford,Female,52,United States,Chicago
R03457,Ivy Desai,Female,59,China,Shanghai
R03461,Nathan Lau,Male,35,United States,Austin
R03465,Harper Phan,Female,45,China,Shanghai
R03471,Julia Sandoval,Female,42,United States,Miami
R03474,Violet Hall,Female,40,United States,Chicago
R03484,Logan Rivera,Male,59,Brazil,Rio de Janerio
R03490,Henry Campos,Male,38,United States,Phoenix
R03496,Robert Yang,Male,31,United States,Austin
R03506,Jaxson Mai,Male,48,United States,Austin
R03519,Eliza Zheng,Female,48,China,Chongqing
R03520,Nolan Pena,Male,30,Brazil,Sao Paulo
R03521,Jackson Navarro,Male,52,Brazil,Sao Paulo
R03528,Leo Hsu,Male,62,China,Chongqing
R03532,Jaxson Santiago,Male,56,United States,Phoenix
R03538,Gabriel Holmes,Male,40,United States,Seattle
R03540,Emma Perry,Female,28,United States,Seattle
R03545,Sofia Cheng,Female,63,United States,Miami
R03547,Owen Han,Male,28,China,Chongqing
R03549,Mateo Vu,Male,30,China,Chongqing
R03550,Stella Wu,Female,35,United States,Phoenix
R03560,Ayla Ng,Female,46,China,Beijing
R03563,Ian Barnes,Male,47,United States,Miami
R03567,Silas Chavez,Male,51,United States,Columbus
R03571,Lincoln Henderson,Male,28,United States,Chicago
R03574,John Moore,Male,52,United States,Seattle
R03578,Maverick Li,Male,34,United States,Austin
R03579,Robert Zhang,Male,45,United States,Phoenix
R03580,Maverick Medina,Male,39,United States,Seattle
R03583,Brooks Marquez,Male,61,United States,Chicago
R03591,Piper Sun,Female,64,United States,Seattle
R03595,Christopher Howard,Male,61,United States,Seattle
R03611,Alice Mehta,Female,45,China,Beijing
R03612,Grayson Cooper,Male,64,United States,Columbus
R03615,Daniel Dixon,Male,51,United States,Austin
R03616,Josiah Lewis,Male,46,United States,Austin
R03626,Nicholas Avila,Male,28,United States,Austin
R03630,Jacob Davis,Male,36,United States,Chicago
R03637,Landon Thao,Male,25,United States,Phoenix
R03642,Aria Roberts,Female,38,United States,Seattle
R03648,Vivian Hunter,Female,26,United States,Seattle
R03655,Samantha Rogers,Female,28,United States,Miami
R03664,Aria Castro,Female,45,Brazil,Rio de Janerio
R03680,Elias Alvarado,Male,56,Brazil,Manaus
R03681,Lyla Chen,Female,45,United States,Chicago
R03683,Raelynn Hong,Female,28,China,Beijing
R03685,Silas Hunter,Male,55,United States,Chicago
R03689,Wesley Gray,Male,62,United States,Seattle
R03691,Colton Garcia,Male,55,United States,Miami
R03694,Elena Patterson,Female,38,United States,Chicago
R03697,Isaac Woods,Male,28,United States,Miami
R03717,Joseph Ruiz,Male,45,Brazil,Sao Paulo
R03718,Zoe Zhou,Female,61,China,Beijing
R03719,Jack Brown,Male,55,United States,Phoenix
R03720,Dominic Clark,Male,52,United States,Phoenix
R03737,Kennedy Rahman,Female,49,China,Chongqing
R03749,Kennedy Foster,Female,53,United States,Austin
R03750,Elias Dang,Male,64,China,Chengdu
R03758,Liam Zhang,Male,29,United States,Chicago
R03774,Hannah Mejia,Female,47,United States,Austin
R03778,Luke Vu,Male,52,China,Shanghai
R03795,Hazel Young,Female,30,United States,Austin
R03799,Natalie Hwang,Female,63,United States,Phoenix
R03802,Thomas Vazquez,Male,46,Brazil,Sao Paulo
R03805,Autumn Gonzales,Female,34,Brazil,Manaus
R03807,Kennedy Do,Female,42,United States,Phoenix
R03816,Leilani Chow,Female,27,China,Beijing
R03824,Penelope Coleman,Female,36,United States,Miami
R03830,Eva Coleman,Female,37,United States,Seattle
R03834,Anthony Carter,Male,41,United States,Columbus
R03838,Madeline Walker,Female,34,United States,Chicago
R03849,Evelyn Jung,Female,30,China,Beijing
R03854,Camila Li,Female,60,China,Shanghai
R03858,John Cho,Male,47,China,Chengdu
R03863,Madeline Watson,Female,40,United States,Miami
R03864,Ella Hunter,Female,51,United States,Columbus
R03866,Jordan Zhu,Male,32,United States,Seattle
R03870,Madeline Allen,Female,30,United States,Seattle
R03875,Aurora Simmons,Female,51,United States,Austin
R03880,Samantha Woods,Female,56,United States,Phoenix
R03881,Andrew Reed,Male,28,United States,Miami
R03889,Caleb Flores,Male,34,Brazil,Rio de Janerio
R03890,Nevaeh Jones,Female,31,United States,Austin
R03893,Alice Xiong,Female,55,China,Chengdu
R03894,Charlotte Chang,Female,50,United States,Chicago
R03901,Luca Truong,Male,45,China,Chongqing
R03902,Madison Hunter,Female,40,United States,Columbus
R03904,Hunter Ortiz,Male,46,Brazil,Rio de Janerio
R03906,Piper Richardson,Female,38,United States,Columbus
R03907,Camila Watson,Female,32,United States,Austin
R03908,Miles Evans,Male,54,United States,Miami
R03910,Nova Hsu,Female,32,United States,Phoenix
R03912,Carter Turner,Male,33,United States,Phoenix
R03919,Grayson Chan,Male,46,China,Chengdu
R03928,Miles Dang,Male,61,United States,Miami
R03935,Cora Jiang,Female,53,United States,Austin
R03941,Isla Han,Female,58,United States,Chicago
R03947,Logan Soto,Male,36,United States,Columbus
R03956,Everly Walker,Female,62,United States,Austin
R03968,Joshua Chin,Male,60,United States,Phoenix
R03971,Lillian Chen,Female,25,United States,Columbus
R03972,Jordan Gomez,Male,58,Brazil,Rio de Janerio
R03980,Lydia Huynh,Female,45,United States,Chicago
R03981,Eliana Li,Female,63,United States,Miami
R03984,Hailey Foster,Female,55,United States,Chicago
R03988,Dominic Thomas,Male,48,United States,Austin
R03994,Henry Jung,Male,57,United States,Austin
R04000,Skylar Carrillo,Female,44,United States,Austin
R04004,Everleigh Shah,Female,36,United States,Columbus
R04005,Lincoln Wong,Male,49,United States,Columbus
R04018,Emery Ford,Female,39,United States,Austin
R04029,Jayden Jimenez,Male,46,Brazil,Rio de Janerio
R04032,Emery Zhang,Female,45,China,Beijing
R04035,Penelope Johnson,Female,34,United States,Chicago
R04037,Roman Martinez,Male,31,Brazil,Manaus
R04041,Clara Huynh,Female,39,China,Shanghai
R04048,Julian Lee,Male,51,United States,Seattle
R04072,Emery Mitchell,Female,48,United States,Seattle
R04079,Christopher Butler,Male,41,United States,Miami
R04087,Adam Kaur,Male,60,China,Chengdu
R04088,Ezra Liang,Male,52,United States,Miami
R04089,Sebastian Fong,Male,46,United States,Austin
R04095,Sadie Patterson,Female,38,United States,Seattle
R04101,Olivia Harris,Female,63,United States,Columbus
R04103,Isabella Soto,Female,27,Brazil,Sao Paulo
R04105,Theodore Dinh,Male,59,China,Chongqing
R04108,Jade Figueroa,Female,33,Brazil,Rio de Janerio
R04109,Leah Bryant,Female,55,United States,Austin
R04112,Axel Chu,Male,43,China,Beijing
R04114,Christopher Lim,Male,55,China,Shanghai
R04116,David Barnes,Male,64,United States,Columbus
R04123,Andrew Holmes,Male,59,United States,Miami
R04126,Dominic Baker,Male,51,United States,Chicago
R04127,Emery Acosta,Female,42,United States,Columbus
R04128,Jacob Doan,Male,55,United States,Miami
R04130,Elias Figueroa,Male,45,United States,Phoenix
R04131,Cora Rivera,Female,42,United States,Seattle
R04132,Kinsley Henry,Female,45,United States,Miami
R04136,Mason Cao,Male,52,China,Beijing
R04150,Natalia Vu,Female,54,United States,Columbus
R04152,Adeline Huang,Female,34,China,Chengdu
R04155,Dylan Dominguez,Male,42,Brazil,Rio de Janerio
R04157,William Cao,Male,63,China,Beijing
R04163,David Herrera,Male,32,Brazil,Rio de Janerio
R04165,Sophie Vang,Female,25,China,Chongqing
R04167,Henry Alvarez,Male,48,Brazil,Manaus
R04168,Mila Juarez,Female,38,Brazil,Sao Paulo
R04170,Grayson Chin,Male,26,United States,Austin
R04174,Maverick Henry,Male,26,United States,Chicago
R04189,Ariana Kim,Female,33,China,Chengdu
R04194,Madison Kumar,Female,55,China,Chengdu
R04207,John Contreras,Male,35,United States,Columbus
R04213,Hailey Xi,Female,52,China,Chongqing
R04217,Lydia Williams,Female,35,United States,Chicago
R04221,Roman King,Male,60,United States,Columbus
R04222,Quinn Xiong,Female,55,United States,Columbus
R04224,Lucas Ramos,Male,56,United States,Phoenix
R04226,Andrew Moore,Male,47,United States,Chicago
R04239,Everleigh Ng,Female,51,China,Shanghai
R04242,Alice Lopez,Female,48,United States,Seattle
R04247,Camila Evans,Female,55,United States,Miami
R04249,Hadley Dang,Female,47,United States,Austin
R04265,Natalia Diaz,Female,62,United States,Austin
R04267,Greyson Sanders,Male,28,United States,Chicago
R04277,Zoe Do,Female,60,China,Beijing
R04285,Riley Padilla,Female,35,United States,Miami
R04288,Ella White,Female,25,United States,Phoenix
R04290,Hannah Gomez,Female,25,United States,Miami
R04299,Paisley Hall,Female,41,United States,Columbus
R04308,Kai Flores,Male,35,United States,Seattle
R04323,Melody Valdez,Female,28,United States,Miami
R04332,Luke Martin,Male,25,United States,Miami
R04335,Parker Allen,Male,31,United States,Miami
R04342,Samantha Barnes,Female,29,United States,Columbus
R04345,Eliana Grant,Female,64,United States,Chicago
R04348,Natalia Owens,Female,31,United States,Austin
R04354,Raelynn Rios,Female,43,United States,Columbus
R04358,Grayson Soto,Male,34,United States,Columbus
R04359,Greyson Lam,Male,25,United States,Miami
R04363,Savannah Singh,Female,53,United States,Seattle
R04369,Santiago f Gray,Male,27,United States,Chicago
R04378,Ezra Simmons,Male,31,United States,Austin
R04379,Scarlett Rodriguez,Female,60,Brazil,Manaus
R04380,Naomi Washington,Female,51,United States,Austin
R04386,Cameron Powell,Male,41,United States,Austin
R04387,Everleigh White,Female,59,United States,Phoenix
R04398,Oliver Yang,Male,31,United States,Miami
R04403,Dominic Hu,Male,34,China,Shanghai
R04413,Andrew Thomas,Male,36,United States,Columbus
R04415,Penelope Fong,Female,60,China,Chongqing
R04417,Chloe Salazar,Female,45,United States,Seattle
R04419,Sophia Ahmed,Female,30,United States,Seattle
R04444,Brooklyn Ruiz,Female,61,United States,Phoenix
R04448,Adrian Ruiz,Male,34,Brazil,Sao Paulo
R04449,Miles Hsu,Male,55,China,Chengdu
R04458,Alexander Bryant,Male,30,United States,Seattle
R04464,Cooper Yoon,Male,60,United States,Austin
R04466,Connor Bell,Male,54,United States,Austin
R04472,Alexander Foster,Male,35,United States,Columbus
R04474,Mila Hong,Female,30,China,Chongqing
R04477,Connor Grant,Male,27,United States,Seattle
R04484,Vivian Thao,Female,45,United States,Chicago
R04487,Audrey Hwang,Female,45,China,Beijing
R04491,Nathan Chan,Male,45,United States,Seattle
R04504,Jameson Alvarado,Male,47,Brazil,Sao Paulo
R04517,Amelia Choi,Female,43,United States,Miami
R04529,Gabriel Yu,Male,42,China,Chongqing
R04533,Easton Bailey,Male,29,United States,Austin
R04535,Charlotte Vo,Female,57,United States,Seattle
R04536,Layla Scott,Female,48,United States,Phoenix
R04538,Adeline Yang,Female,53,China,Chongqing
R04542,Camila Cortez,Female,29,United States,Phoenix
R04545,Abigail Mejia,Female,56,Brazil,Rio de Janerio
R04546,Jade Hunter,Female,42,United States,Columbus
R04547,Avery Grant,Female,49,United States,Chicago
R04562,Xavier Zheng,Male,31,United States,Austin
R04564,Luke Sanchez,Male,41,Brazil,Sao Paulo
R04567,Madeline Hoang,Female,28,China,Chengdu
R04568,Rylee Yu,Female,54,China,Beijing
R04571,Hadley Contreras,Female,60,United States,Austin
R04572,Jade Li,Female,47,United States,Seattle
R04590,Isaac Sanders,Male,49,United States,Miami
R04598,Violet Garcia,Female,35,United States,Austin
R04600,William Vu,Male,37,China,Shanghai
R04601,Allison Ayala,Female,36,United States,Austin
R04607,Landon Brown,Male,26,United States,Columbus
R04618,Mason Zhao,Male,46,China,Chongqing
R04625,Adam Dang,Male,45,China,Chongqing
R04630,Maria Griffin,Female,59,United States,Miami
R04636,Hailey Yee,Female,54,China,Chongqing
R04637,Samuel Song,Male,31,United States,Columbus
R04639,Luna Taylor,Female,47,United States,Seattle
R04641,Scarlett Hill,Female,45,United States,Columbus
R04645,Elias Ahmed,Male,57,United States,Chicago
R04662,Julia Morris,Female,60,United States,Phoenix
R04670,Angel Do,Male,34,China,Beijing
R04682,Colton Thao,Male,55,China,Chongqing
R04683,Ezekiel Delgado,Male,40,Brazil,Manaus
R04697,Eleanor Williams,Female,61,United States,Chicago
R04699,Ivy Tang,Female,48,China,Shanghai
R04720,Christopher Chung,Male,28,United States,Phoenix
R04729,Ezekiel Fong,Male,56,China,Shanghai
R04732,Eva Rivera,Female,36,United States,Miami
R04735,Nova Coleman,Female,44,United States,Miami
R04739,Ruby Washington,Female,65,United States,Seattle
R04742,Kinsley Vega,Female,33,Brazil,Rio de Janerio
R04749,Caroline Phan,Female,41,United States,Austin
R04751,Grayson James,Male,54,United States,Seattle
R04756,Aiden Le,Male,55,United States,Austin
R04762,Audrey Richardson,Female,46,United States,Chicago
R04766,Lyla Yoon,Female,38,United States,Austin
R04769,Mila Leung,Female,39,China,Beijing
R04779,Cameron Young,Male,63,United States,Seattle
R04784,Joshua Lin,Male,37,China,Beijing
R04795,Eloise Alexander,Female,28,United States,Seattle
R04798,Aurora Ali,Female,30,United States,Seattle
R04799,Mila Roberts,Female,30,United States,Phoenix
R04800,Eli Han,Male,40,China,Chengdu
R04802,Lucy Fong,Female,40,China,Chengdu
R04811,Athena Vasquez,Female,59,Brazil,Rio de Janerio
R04816,Jace Zhang,Male,31,China,Chengdu
R04817,Zoe Sanchez,Female,53,Brazil,Sao Paulo
R04853,Vivian Chu,Female,46,China,Shanghai
R04871,Liam Grant,Male,30,United States,Phoenix
R04872,Isaac Stewart,Male,25,United States,Miami
R04877,Samuel Vega,Male,37,United States,Miami
R04887,Emery Do,Female,40,United States,Columbus
R04888,Elijah Henry,Male,32,United States,Miami
R04890,Eleanor Chan,Female,49,China,Shanghai
R04903,Skylar Liu,Female,29,China,Chengdu
R04917,Everleigh Washington,Female,64,United States,Phoenix
R04920,Nevaeh Hsu,Female,32,United States,Phoenix
R04925,Athena Jordan,Female,42,United States,Seattle
R04926,Emma Luna,Female,52,Brazil,Manaus
R04927,Ezekiel Bryant,Male,55,United States,Miami
R04931,Zoe Romero,Female,32,Brazil,Sao Paulo
R04937,Ian Ngo,Male,52,United States,Phoenix
R04938,Brooklyn Daniels,Female,64,United States,Miami
R04940,Hudson Williams,Male,36,United States,Austin
R04952,Paisley Gomez,Female,57,Brazil,Rio de Janerio
R04959,Noah King,Male,56,United States,Miami
R04962,Elena Tan,Female,50,China,Chongqing
R04969,Abigail Vang,Female,40,China,Chengdu
R04972,Logan Bryant,Male,30,United States,Miami
R04978,Peyton Harris,Female,45,United States,Miami
R04994,Bella Holmes,Female,35,United States,Miami
